"staircase_name","2*riser_gt_mm/1000 +  tread_gt_mm/1000","2*riser_alg_mm/1000 +  tread_alg_mm/1000","gt_num_steps","risers_alg","treads_alg","width_gt_mm","width_alg_mm","riser_gt_mm","riser_alg_mm","tread_gt_mm","tread_alg_mm","width_abs_error","width_pct_error","riser_abs_error","riser_pct_error","tread_abs_error","tread_pct_error","mae_width","rmse_width","mae_riser","rmse_riser","mae_tread","rmse_tread"
historic_center_0_864,0.8000000,0.6579999999999999,-1,25,27,1180.00,423.0,269.000,181.0,262.000,296.0,757.0,64.15254237288136,88.0,32.71375464684015,34.0,12.977099236641221,474.17391304347825,576.9721189857934,81.17391304347827,87.79100676928826,46.608695652173914,59.5493949153357
historic_center_0_865,0.8000000,0.633,-1,25,27,1180.00,457.0,269.000,200.0,262.000,233.0,723.0,61.271186440677965,69.0,25.650557620817843,29.0,11.068702290076336,474.17391304347825,576.9721189857934,81.17391304347827,87.79100676928826,46.608695652173914,59.5493949153357
historic_center_0_866,0.8000000,0.569,-1,41,34,1180.00,1019.0,269.000,181.0,262.000,207.0,161.0,13.64406779661017,88.0,32.71375464684015,55.0,20.99236641221374,474.17391304347825,576.9721189857934,81.17391304347827,87.79100676928826,46.608695652173914,59.5493949153357
historic_center_0_867,0.8000000,0.6819999999999999,-1,41,34,1180.00,277.0,269.000,199.0,262.000,284.0,903.0,76.52542372881356,70.0,26.022304832713754,22.0,8.396946564885496,474.17391304347825,576.9721189857934,81.17391304347827,87.79100676928826,46.608695652173914,59.5493949153357
historic_center_0_868,0.8000000,0.622,-1,41,34,1180.00,674.0,269.000,167.0,262.000,288.0,506.0,42.88135593220339,102.0,37.9182156133829,26.0,9.923664122137405,474.17391304347825,576.9721189857934,81.17391304347827,87.79100676928826,46.608695652173914,59.5493949153357
historic_center_0_869,0.8000000,0.49,-1,41,34,1180.00,217.0,269.000,179.0,262.000,132.0,963.0,81.61016949152543,90.0,33.45724907063197,130.0,49.61832061068702,474.17391304347825,576.9721189857934,81.17391304347827,87.79100676928826,46.608695652173914,59.5493949153357
historic_center_0_870,0.8000000,0.748,-1,48,33,1180.00,1063.0,269.000,235.0,262.000,278.0,117.0,9.915254237288135,34.0,12.639405204460967,16.0,6.106870229007634,474.17391304347825,576.9721189857934,81.17391304347827,87.79100676928826,46.608695652173914,59.5493949153357
historic_center_0_871,0.8000000,0.629,-1,48,33,1180.00,1469.0,269.000,155.0,262.000,319.0,289.0,24.491525423728813,114.0,42.37918215613383,57.0,21.755725190839694,474.17391304347825,576.9721189857934,81.17391304347827,87.79100676928826,46.608695652173914,59.5493949153357
historic_center_0_872,0.8000000,0.683,-1,48,33,1180.00,113.0,269.000,213.0,262.000,257.0,1067.0,90.42372881355932,56.0,20.817843866171003,5.0,1.9083969465648856,474.17391304347825,576.9721189857934,81.17391304347827,87.79100676928826,46.608695652173914,59.5493949153357
historic_center_0_873,0.8000000,0.6930000000000001,-1,48,33,1180.00,79.0,269.000,191.0,262.000,311.0,1101.0,93.30508474576271,78.0,28.99628252788104,49.0,18.702290076335878,474.17391304347825,576.9721189857934,81.17391304347827,87.79100676928826,46.608695652173914,59.5493949153357
historic_center_0_874,0.8000000,0.831,-1,30,23,1180.00,637.0,269.000,260.0,262.000,311.0,543.0,46.016949152542374,9.0,3.345724907063197,49.0,18.702290076335878,474.17391304347825,576.9721189857934,81.17391304347827,87.79100676928826,46.608695652173914,59.5493949153357
historic_center_0_875,0.8000000,0.629,-1,30,23,1180.00,985.0,269.000,172.0,262.000,285.0,195.0,16.52542372881356,97.0,36.059479553903344,23.0,8.778625954198473,474.17391304347825,576.9721189857934,81.17391304347827,87.79100676928826,46.608695652173914,59.5493949153357
historic_center_0_876,0.8000000,0.664,-1,33,24,1180.00,1004.0,269.000,201.0,262.000,262.0,176.0,14.915254237288135,68.0,25.278810408921935,0.0,0.0,474.17391304347825,576.9721189857934,81.17391304347827,87.79100676928826,46.608695652173914,59.5493949153357
historic_center_0_877,0.8000000,0.6100000000000001,-1,44,16,1180.00,975.0,269.000,171.0,262.000,268.0,205.0,17.372881355932204,98.0,36.43122676579926,6.0,2.2900763358778624,474.17391304347825,576.9721189857934,81.17391304347827,87.79100676928826,46.608695652173914,59.5493949153357
historic_center_0_878,0.8000000,0.541,-1,34,20,1180.00,673.0,269.000,167.0,262.000,207.0,507.0,42.96610169491525,102.0,37.9182156133829,55.0,20.99236641221374,474.17391304347825,576.9721189857934,81.17391304347827,87.79100676928826,46.608695652173914,59.5493949153357
historic_center_0_879,0.8000000,0.52,-1,34,20,1180.00,693.0,269.000,155.0,262.000,210.0,487.0,41.271186440677965,114.0,42.37918215613383,52.0,19.84732824427481,474.17391304347825,576.9721189857934,81.17391304347827,87.79100676928826,46.608695652173914,59.5493949153357
historic_center_0_880,0.8000000,0.599,-1,27,15,1180.00,367.0,269.000,179.0,262.000,241.0,813.0,68.89830508474576,90.0,33.45724907063197,21.0,8.01526717557252,474.17391304347825,576.9721189857934,81.17391304347827,87.79100676928826,46.608695652173914,59.5493949153357
historic_center_0_881,0.8000000,0.61,-1,27,15,1180.00,428.0,269.000,192.0,262.000,226.0,752.0,63.728813559322035,77.0,28.62453531598513,36.0,13.740458015267176,474.17391304347825,576.9721189857934,81.17391304347827,87.79100676928826,46.608695652173914,59.5493949153357
historic_center_0_882,0.8000000,0.8180000000000001,-1,37,26,1180.00,604.0,269.000,248.0,262.000,322.0,576.0,48.813559322033896,21.0,7.806691449814126,60.0,22.900763358778626,474.17391304347825,576.9721189857934,81.17391304347827,87.79100676928826,46.608695652173914,59.5493949153357
historic_center_0_883,0.8000000,0.395,-1,37,26,1180.00,623.0,269.000,105.0,262.000,185.0,557.0,47.20338983050848,164.0,60.96654275092937,77.0,29.389312977099237,474.17391304347825,576.9721189857934,81.17391304347827,87.79100676928826,46.608695652173914,59.5493949153357
historic_center_0_884,0.8000000,0.569,-1,28,20,1180.00,1079.0,269.000,156.0,262.000,257.0,101.0,8.559322033898304,113.0,42.00743494423792,5.0,1.9083969465648856,474.17391304347825,576.9721189857934,81.17391304347827,87.79100676928826,46.608695652173914,59.5493949153357
historic_center_0_885,0.8000000,0.61,-1,28,20,1180.00,254.0,269.000,163.0,262.000,284.0,926.0,78.47457627118644,106.0,39.405204460966544,22.0,8.396946564885496,474.17391304347825,576.9721189857934,81.17391304347827,87.79100676928826,46.608695652173914,59.5493949153357
historic_center_0_886,0.8000000,0.645,-1,24,17,1180.00,512.0,269.000,199.0,262.000,247.0,668.0,56.610169491525426,70.0,26.022304832713754,15.0,5.7251908396946565,474.17391304347825,576.9721189857934,81.17391304347827,87.79100676928826,46.608695652173914,59.5493949153357
historic_center_0_887,0.8000000,0.513,-1,23,15,1180.00,942.0,269.000,180.0,262.000,153.0,238.0,20.16949152542373,89.0,33.08550185873606,109.0,41.603053435114504,474.17391304347825,576.9721189857934,81.17391304347827,87.79100676928826,46.608695652173914,59.5493949153357
historic_center_0_888,0.8000000,0.862,-1,29,17,1180.00,925.0,269.000,244.0,262.000,374.0,255.0,21.610169491525422,25.0,9.293680297397769,112.0,42.74809160305343,474.17391304347825,576.9721189857934,81.17391304347827,87.79100676928826,46.608695652173914,59.5493949153357
historic_center_0_889,0.8000000,0.646,-1,19,17,1180.00,551.0,269.000,201.0,262.000,244.0,629.0,53.30508474576271,68.0,25.278810408921935,18.0,6.870229007633588,474.17391304347825,576.9721189857934,81.17391304347827,87.79100676928826,46.608695652173914,59.5493949153357
historic_center_0_890,0.8000000,0.45899999999999996,-1,19,17,1180.00,382.0,269.000,152.0,262.000,155.0,798.0,67.62711864406779,117.0,43.49442379182156,107.0,40.83969465648855,474.17391304347825,576.9721189857934,81.17391304347827,87.79100676928826,46.608695652173914,59.5493949153357
historic_center_0_891,0.8000000,0.712,-1,19,17,1180.00,1065.0,269.000,205.0,262.000,302.0,115.0,9.745762711864407,64.0,23.79182156133829,40.0,15.267175572519085,474.17391304347825,576.9721189857934,81.17391304347827,87.79100676928826,46.608695652173914,59.5493949153357
historic_center_0_892,0.8000000,0.7849999999999999,-1,16,14,1180.00,1070.0,269.000,207.0,262.000,371.0,110.0,9.322033898305085,62.0,23.04832713754647,109.0,41.603053435114504,474.17391304347825,576.9721189857934,81.17391304347827,87.79100676928826,46.608695652173914,59.5493949153357
historic_center_0_893,0.8000000,0.583,-1,16,14,1180.00,115.0,269.000,145.0,262.000,293.0,1065.0,90.2542372881356,124.0,46.09665427509294,31.0,11.83206106870229,474.17391304347825,576.9721189857934,81.17391304347827,87.79100676928826,46.608695652173914,59.5493949153357
historic_center_0_894,0.8000000,0.599,-1,15,12,1180.00,762.0,269.000,185.0,262.000,229.0,418.0,35.42372881355932,84.0,31.226765799256505,33.0,12.595419847328245,474.17391304347825,576.9721189857934,81.17391304347827,87.79100676928826,46.608695652173914,59.5493949153357
historic_center_0_895,0.8000000,0.823,-1,20,18,1180.00,983.0,269.000,219.0,262.000,385.0,197.0,16.694915254237287,50.0,18.587360594795538,123.0,46.94656488549618,474.17391304347825,576.9721189857934,81.17391304347827,87.79100676928826,46.608695652173914,59.5493949153357
historic_center_0_896,0.8000000,0.869,-1,34,15,1180.00,953.0,269.000,263.0,262.000,343.0,227.0,19.23728813559322,6.0,2.2304832713754648,81.0,30.916030534351144,474.17391304347825,576.9721189857934,81.17391304347827,87.79100676928826,46.608695652173914,59.5493949153357
historic_center_0_897,0.8000000,0.635,-1,27,15,1180.00,1085.0,269.000,196.0,262.000,243.0,95.0,8.05084745762712,73.0,27.13754646840149,19.0,7.251908396946565,474.17391304347825,576.9721189857934,81.17391304347827,87.79100676928826,46.608695652173914,59.5493949153357
historic_center_0_898,0.8000000,0.649,-1,22,27,1180.00,1052.0,269.000,193.0,262.000,263.0,128.0,10.847457627118644,76.0,28.25278810408922,1.0,0.3816793893129771,474.17391304347825,576.9721189857934,81.17391304347827,87.79100676928826,46.608695652173914,59.5493949153357
historic_center_0_899,0.8000000,0.671,-1,26,21,1180.00,784.0,269.000,217.0,262.000,237.0,396.0,33.559322033898304,52.0,19.33085501858736,25.0,9.541984732824428,474.17391304347825,576.9721189857934,81.17391304347827,87.79100676928826,46.608695652173914,59.5493949153357
historic_center_0_900,0.8000000,0.6799999999999999,-1,26,21,1180.00,257.0,269.000,168.0,262.000,344.0,923.0,78.22033898305085,101.0,37.54646840148699,82.0,31.297709923664122,474.17391304347825,576.9721189857934,81.17391304347827,87.79100676928826,46.608695652173914,59.5493949153357
historic_center_0_901,0.8000000,0.473,-1,22,17,1180.00,1281.0,269.000,163.0,262.000,147.0,101.0,8.559322033898304,106.0,39.405204460966544,115.0,43.89312977099237,474.17391304347825,576.9721189857934,81.17391304347827,87.79100676928826,46.608695652173914,59.5493949153357
historic_center_0_902,0.8000000,0.565,-1,22,17,1180.00,269.0,269.000,147.0,262.000,271.0,911.0,77.20338983050847,122.0,45.353159851301115,9.0,3.435114503816794,474.17391304347825,576.9721189857934,81.17391304347827,87.79100676928826,46.608695652173914,59.5493949153357
historic_center_0_903,0.8000000,0.604,-1,25,16,1180.00,1044.0,269.000,189.0,262.000,226.0,136.0,11.525423728813559,80.0,29.739776951672862,36.0,13.740458015267176,474.17391304347825,576.9721189857934,81.17391304347827,87.79100676928826,46.608695652173914,59.5493949153357
historic_center_0_904,0.8000000,0.5449999999999999,-1,13,24,1180.00,1027.0,269.000,183.0,262.000,179.0,153.0,12.966101694915254,86.0,31.970260223048328,83.0,31.6793893129771,474.17391304347825,576.9721189857934,81.17391304347827,87.79100676928826,46.608695652173914,59.5493949153357
historic_center_0_905,0.8000000,0.73,-1,16,23,1180.00,1259.0,269.000,234.0,262.000,262.0,79.0,6.694915254237288,35.0,13.011152416356877,0.0,0.0,474.17391304347825,576.9721189857934,81.17391304347827,87.79100676928826,46.608695652173914,59.5493949153357
historic_center_0_906,0.8000000,0.714,-1,22,17,1180.00,1202.0,269.000,223.0,262.000,268.0,22.0,1.8644067796610169,46.0,17.100371747211895,6.0,2.2900763358778624,474.17391304347825,576.9721189857934,81.17391304347827,87.79100676928826,46.608695652173914,59.5493949153357
historic_center_0_907,0.8000000,0.614,-1,22,17,1180.00,376.0,269.000,187.0,262.000,240.0,804.0,68.13559322033899,82.0,30.483271375464685,22.0,8.396946564885496,474.17391304347825,576.9721189857934,81.17391304347827,87.79100676928826,46.608695652173914,59.5493949153357
historic_center_0_908,0.8000000,0.44999999999999996,-1,24,21,1180.00,935.0,269.000,120.0,262.000,210.0,245.0,20.76271186440678,149.0,55.39033457249071,52.0,19.84732824427481,474.17391304347825,576.9721189857934,81.17391304347827,87.79100676928826,46.608695652173914,59.5493949153357
historic_center_0_909,0.8000000,0.475,-1,20,20,1180.00,506.0,269.000,150.0,262.000,175.0,674.0,57.11864406779661,119.0,44.237918215613384,87.0,33.20610687022901,474.17391304347825,576.9721189857934,81.17391304347827,87.79100676928826,46.608695652173914,59.5493949153357
historic_center_1_910,0.7760000,0.5660000000000001,-1,10,12,770.00,733.0,249.000,147.0,278.000,272.0,37.0,4.805194805194805,102.0,40.963855421686745,6.0,2.158273381294964,90.41176470588235,176.80547635915647,65.6470588235294,73.87987069640585,45.35294117647059,53.40246744684898
historic_center_1_911,0.7760000,0.61,-1,9,11,770.00,736.0,249.000,212.0,278.000,186.0,34.0,4.415584415584416,37.0,14.859437751004016,92.0,33.093525179856115,90.41176470588235,176.80547635915647,65.6470588235294,73.87987069640585,45.35294117647059,53.40246744684898
historic_center_1_912,0.7760000,0.734,-1,5,4,770.00,928.0,249.000,244.0,278.000,246.0,158.0,20.51948051948052,5.0,2.0080321285140563,32.0,11.510791366906474,90.41176470588235,176.80547635915647,65.6470588235294,73.87987069640585,45.35294117647059,53.40246744684898
historic_center_1_913,0.7760000,0.6619999999999999,-1,11,7,770.00,741.0,249.000,204.0,278.000,254.0,29.0,3.7662337662337664,45.0,18.072289156626507,24.0,8.633093525179856,90.41176470588235,176.80547635915647,65.6470588235294,73.87987069640585,45.35294117647059,53.40246744684898
historic_center_1_914,0.7760000,0.696,-1,9,8,770.00,744.0,249.000,228.0,278.000,240.0,26.0,3.3766233766233764,21.0,8.433734939759036,38.0,13.66906474820144,90.41176470588235,176.80547635915647,65.6470588235294,73.87987069640585,45.35294117647059,53.40246744684898
historic_center_1_915,0.7760000,0.654,-1,13,4,770.00,760.0,249.000,201.0,278.000,252.0,10.0,1.2987012987012987,48.0,19.27710843373494,26.0,9.352517985611511,90.41176470588235,176.80547635915647,65.6470588235294,73.87987069640585,45.35294117647059,53.40246744684898
historic_center_1_916,0.7760000,0.573,-1,11,6,770.00,779.0,249.000,156.0,278.000,261.0,9.0,1.1688311688311688,93.0,37.34939759036145,17.0,6.115107913669065,90.41176470588235,176.80547635915647,65.6470588235294,73.87987069640585,45.35294117647059,53.40246744684898
historic_center_1_917,0.7760000,0.495,-1,8,4,770.00,784.0,249.000,165.0,278.000,165.0,14.0,1.8181818181818181,84.0,33.734939759036145,113.0,40.64748201438849,90.41176470588235,176.80547635915647,65.6470588235294,73.87987069640585,45.35294117647059,53.40246744684898
historic_center_1_918,0.7760000,0.638,-1,8,8,770.00,789.0,249.000,215.0,278.000,208.0,19.0,2.4675324675324677,34.0,13.654618473895582,70.0,25.179856115107913,90.41176470588235,176.80547635915647,65.6470588235294,73.87987069640585,45.35294117647059,53.40246744684898
historic_center_1_919,0.7760000,0.542,-1,11,7,770.00,745.0,249.000,145.0,278.000,252.0,25.0,3.2467532467532467,104.0,41.76706827309237,26.0,9.352517985611511,90.41176470588235,176.80547635915647,65.6470588235294,73.87987069640585,45.35294117647059,53.40246744684898
historic_center_1_920,0.7760000,0.597,-1,12,5,770.00,755.0,249.000,173.0,278.000,251.0,15.0,1.948051948051948,76.0,30.522088353413654,27.0,9.712230215827338,90.41176470588235,176.80547635915647,65.6470588235294,73.87987069640585,45.35294117647059,53.40246744684898
historic_center_1_921,0.7760000,0.635,-1,5,5,770.00,189.0,249.000,209.0,278.000,217.0,581.0,75.45454545454545,40.0,16.06425702811245,61.0,21.942446043165468,90.41176470588235,176.80547635915647,65.6470588235294,73.87987069640585,45.35294117647059,53.40246744684898
historic_center_1_922,0.7760000,0.51,-1,8,8,770.00,859.0,249.000,141.0,278.000,228.0,89.0,11.558441558441558,108.0,43.373493975903614,50.0,17.985611510791365,90.41176470588235,176.80547635915647,65.6470588235294,73.87987069640585,45.35294117647059,53.40246744684898
historic_center_1_923,0.7760000,0.5589999999999999,-1,10,9,770.00,759.0,249.000,182.0,278.000,195.0,11.0,1.4285714285714286,67.0,26.907630522088354,83.0,29.85611510791367,90.41176470588235,176.80547635915647,65.6470588235294,73.87987069640585,45.35294117647059,53.40246744684898
historic_center_1_924,0.7760000,0.534,-1,8,6,770.00,709.0,249.000,147.0,278.000,240.0,61.0,7.922077922077922,102.0,40.963855421686745,38.0,13.66906474820144,90.41176470588235,176.80547635915647,65.6470588235294,73.87987069640585,45.35294117647059,53.40246744684898
historic_center_1_925,0.7760000,0.506,-1,10,5,770.00,801.0,249.000,133.0,278.000,240.0,31.0,4.025974025974026,116.0,46.5863453815261,38.0,13.66906474820144,90.41176470588235,176.80547635915647,65.6470588235294,73.87987069640585,45.35294117647059,53.40246744684898
historic_center_1_926,0.7760000,0.738,-1,5,5,770.00,382.0,249.000,215.0,278.000,308.0,388.0,50.38961038961039,34.0,13.654618473895582,30.0,10.79136690647482,90.41176470588235,176.80547635915647,65.6470588235294,73.87987069640585,45.35294117647059,53.40246744684898
historic_center_2_927,0.6820000,0.6890000000000001,-1,5,18,720.00,520.0,206.000,233.0,270.000,223.0,200.0,27.77777777777778,27.0,13.106796116504855,47.0,17.40740740740741,32.2,47.16808848605773,18.771428571428572,21.772197211778405,48.74285714285714,55.59753334713434
historic_center_2_928,0.6820000,0.664,-1,12,11,720.00,746.0,206.000,223.0,270.000,218.0,26.0,3.611111111111111,17.0,8.25242718446602,52.0,19.25925925925926,32.2,47.16808848605773,18.771428571428572,21.772197211778405,48.74285714285714,55.59753334713434
historic_center_2_929,0.6820000,0.722,-1,11,10,720.00,679.0,206.000,215.0,270.000,292.0,41.0,5.694444444444445,9.0,4.368932038834951,22.0,8.148148148148149,32.2,47.16808848605773,18.771428571428572,21.772197211778405,48.74285714285714,55.59753334713434
historic_center_2_930,0.6820000,0.5569999999999999,-1,16,9,720.00,769.0,206.000,185.0,270.000,187.0,49.0,6.805555555555555,21.0,10.194174757281553,83.0,30.74074074074074,32.2,47.16808848605773,18.771428571428572,21.772197211778405,48.74285714285714,55.59753334713434
historic_center_2_931,0.6820000,0.751,-1,11,11,720.00,733.0,206.000,228.0,270.000,295.0,13.0,1.8055555555555556,22.0,10.679611650485437,25.0,9.25925925925926,32.2,47.16808848605773,18.771428571428572,21.772197211778405,48.74285714285714,55.59753334713434
historic_center_2_932,0.6820000,0.644,-1,17,10,720.00,757.0,206.000,216.0,270.000,212.0,37.0,5.138888888888889,10.0,4.854368932038835,58.0,21.48148148148148,32.2,47.16808848605773,18.771428571428572,21.772197211778405,48.74285714285714,55.59753334713434
historic_center_2_933,0.6820000,0.617,-1,11,14,720.00,734.0,206.000,178.0,270.000,261.0,14.0,1.9444444444444444,28.0,13.592233009708737,9.0,3.3333333333333335,32.2,47.16808848605773,18.771428571428572,21.772197211778405,48.74285714285714,55.59753334713434
historic_center_2_934,0.6820000,0.683,-1,13,16,720.00,749.0,206.000,216.0,270.000,251.0,29.0,4.027777777777778,10.0,4.854368932038835,19.0,7.037037037037037,32.2,47.16808848605773,18.771428571428572,21.772197211778405,48.74285714285714,55.59753334713434
historic_center_2_935,0.6820000,0.643,-1,11,11,720.00,735.0,206.000,209.0,270.000,225.0,15.0,2.0833333333333335,3.0,1.4563106796116505,45.0,16.666666666666668,32.2,47.16808848605773,18.771428571428572,21.772197211778405,48.74285714285714,55.59753334713434
historic_center_2_936,0.6820000,0.632,-1,16,9,720.00,751.0,206.000,204.0,270.000,224.0,31.0,4.305555555555555,2.0,0.970873786407767,46.0,17.037037037037038,32.2,47.16808848605773,18.771428571428572,21.772197211778405,48.74285714285714,55.59753334713434
historic_center_2_937,0.6820000,0.607,-1,10,17,720.00,752.0,206.000,192.0,270.000,223.0,32.0,4.444444444444445,14.0,6.796116504854369,47.0,17.40740740740741,32.2,47.16808848605773,18.771428571428572,21.772197211778405,48.74285714285714,55.59753334713434
historic_center_2_938,0.6820000,0.585,-1,9,17,720.00,736.0,206.000,186.0,270.000,213.0,16.0,2.2222222222222223,20.0,9.70873786407767,57.0,21.11111111111111,32.2,47.16808848605773,18.771428571428572,21.772197211778405,48.74285714285714,55.59753334713434
historic_center_2_939,0.6820000,0.633,-1,11,16,720.00,733.0,206.000,217.0,270.000,199.0,13.0,1.8055555555555556,11.0,5.339805825242719,71.0,26.296296296296298,32.2,47.16808848605773,18.771428571428572,21.772197211778405,48.74285714285714,55.59753334713434
historic_center_2_940,0.6820000,0.543,-1,11,14,720.00,736.0,206.000,163.0,270.000,217.0,16.0,2.2222222222222223,43.0,20.87378640776699,53.0,19.62962962962963,32.2,47.16808848605773,18.771428571428572,21.772197211778405,48.74285714285714,55.59753334713434
historic_center_2_941,0.6820000,0.628,-1,14,8,720.00,745.0,206.000,224.0,270.000,180.0,25.0,3.4722222222222223,18.0,8.737864077669903,90.0,33.333333333333336,32.2,47.16808848605773,18.771428571428572,21.772197211778405,48.74285714285714,55.59753334713434
historic_center_2_942,0.6820000,0.63,-1,13,15,720.00,737.0,206.000,205.0,270.000,220.0,17.0,2.361111111111111,1.0,0.4854368932038835,50.0,18.51851851851852,32.2,47.16808848605773,18.771428571428572,21.772197211778405,48.74285714285714,55.59753334713434
historic_center_2_943,0.6820000,0.592,-1,7,12,720.00,777.0,206.000,192.0,270.000,208.0,57.0,7.916666666666667,14.0,6.796116504854369,62.0,22.962962962962962,32.2,47.16808848605773,18.771428571428572,21.772197211778405,48.74285714285714,55.59753334713434
historic_center_2_944,0.6820000,0.617,-1,13,14,720.00,759.0,206.000,202.0,270.000,213.0,39.0,5.416666666666667,4.0,1.941747572815534,57.0,21.11111111111111,32.2,47.16808848605773,18.771428571428572,21.772197211778405,48.74285714285714,55.59753334713434
historic_center_2_945,0.6820000,0.57,-1,10,11,720.00,755.0,206.000,176.0,270.000,218.0,35.0,4.861111111111111,30.0,14.563106796116505,52.0,19.25925925925926,32.2,47.16808848605773,18.771428571428572,21.772197211778405,48.74285714285714,55.59753334713434
historic_center_2_946,0.6820000,0.768,-1,8,10,720.00,722.0,206.000,240.0,270.000,288.0,2.0,0.2777777777777778,34.0,16.50485436893204,18.0,6.666666666666667,32.2,47.16808848605773,18.771428571428572,21.772197211778405,48.74285714285714,55.59753334713434
historic_center_2_947,0.6820000,0.7010000000000001,-1,15,14,720.00,738.0,206.000,228.0,270.000,245.0,18.0,2.5,22.0,10.679611650485437,25.0,9.25925925925926,32.2,47.16808848605773,18.771428571428572,21.772197211778405,48.74285714285714,55.59753334713434
historic_center_2_948,0.6820000,0.657,-1,11,11,720.00,746.0,206.000,217.0,270.000,223.0,26.0,3.611111111111111,11.0,5.339805825242719,47.0,17.40740740740741,32.2,47.16808848605773,18.771428571428572,21.772197211778405,48.74285714285714,55.59753334713434
historic_center_2_949,0.6820000,0.5880000000000001,-1,8,13,720.00,661.0,206.000,232.0,270.000,124.0,59.0,8.194444444444445,26.0,12.62135922330097,146.0,54.074074074074076,32.2,47.16808848605773,18.771428571428572,21.772197211778405,48.74285714285714,55.59753334713434
historic_center_2_950,0.6820000,0.624,-1,9,10,720.00,744.0,206.000,207.0,270.000,210.0,24.0,3.3333333333333335,1.0,0.4854368932038835,60.0,22.22222222222222,32.2,47.16808848605773,18.771428571428572,21.772197211778405,48.74285714285714,55.59753334713434
historic_center_2_951,0.6820000,0.564,-1,13,16,720.00,716.0,206.000,178.0,270.000,208.0,4.0,0.5555555555555556,28.0,13.592233009708737,62.0,22.962962962962962,32.2,47.16808848605773,18.771428571428572,21.772197211778405,48.74285714285714,55.59753334713434
historic_center_2_952,0.6820000,0.5579999999999999,-1,14,9,720.00,724.0,206.000,175.0,270.000,208.0,4.0,0.5555555555555556,31.0,15.048543689320388,62.0,22.962962962962962,32.2,47.16808848605773,18.771428571428572,21.772197211778405,48.74285714285714,55.59753334713434
historic_center_2_953,0.6820000,0.724,-1,10,13,720.00,739.0,206.000,225.0,270.000,274.0,19.0,2.638888888888889,19.0,9.223300970873787,4.0,1.4814814814814814,32.2,47.16808848605773,18.771428571428572,21.772197211778405,48.74285714285714,55.59753334713434
historic_center_2_954,0.6820000,0.5509999999999999,-1,14,8,720.00,706.0,206.000,172.0,270.000,207.0,14.0,1.9444444444444444,34.0,16.50485436893204,63.0,23.333333333333332,32.2,47.16808848605773,18.771428571428572,21.772197211778405,48.74285714285714,55.59753334713434
historic_center_2_955,0.6820000,0.714,-1,12,11,720.00,694.0,206.000,232.0,270.000,250.0,26.0,3.611111111111111,26.0,12.62135922330097,20.0,7.407407407407407,32.2,47.16808848605773,18.771428571428572,21.772197211778405,48.74285714285714,55.59753334713434
historic_center_2_956,0.6820000,0.765,-1,14,13,720.00,804.0,206.000,249.0,270.000,267.0,84.0,11.666666666666666,43.0,20.87378640776699,3.0,1.1111111111111112,32.2,47.16808848605773,18.771428571428572,21.772197211778405,48.74285714285714,55.59753334713434
historic_center_2_957,0.6820000,0.638,-1,15,15,720.00,723.0,206.000,212.0,270.000,214.0,3.0,0.4166666666666667,6.0,2.912621359223301,56.0,20.74074074074074,32.2,47.16808848605773,18.771428571428572,21.772197211778405,48.74285714285714,55.59753334713434
historic_center_2_958,0.6820000,0.666,-1,14,14,720.00,739.0,206.000,223.0,270.000,220.0,19.0,2.638888888888889,17.0,8.25242718446602,50.0,18.51851851851852,32.2,47.16808848605773,18.771428571428572,21.772197211778405,48.74285714285714,55.59753334713434
historic_center_2_959,0.6820000,0.582,-1,14,16,720.00,744.0,206.000,187.0,270.000,208.0,24.0,3.3333333333333335,19.0,9.223300970873787,62.0,22.962962962962962,32.2,47.16808848605773,18.771428571428572,21.772197211778405,48.74285714285714,55.59753334713434
historic_center_2_960,0.6820000,0.656,-1,15,12,720.00,738.0,206.000,222.0,270.000,212.0,18.0,2.5,16.0,7.766990291262136,58.0,21.48148148148148,32.2,47.16808848605773,18.771428571428572,21.772197211778405,48.74285714285714,55.59753334713434
historic_center_2_961,0.6820000,0.6970000000000001,-1,9,11,720.00,798.0,206.000,226.0,270.000,245.0,78.0,10.833333333333334,20.0,9.70873786407767,25.0,9.25925925925926,32.2,47.16808848605773,18.771428571428572,21.772197211778405,48.74285714285714,55.59753334713434
historic_center_3_962,0.7720000,0.677,-1,13,11,760.00,922.0,267.000,231.0,238.000,215.0,162.0,21.31578947368421,36.0,13.48314606741573,23.0,9.663865546218487,156.20833333333334,222.86645852019396,38.666666666666664,46.43947674123816,38.104166666666664,53.34225185847832
historic_center_3_963,0.7720000,0.5840000000000001,-1,12,10,760.00,814.0,267.000,169.0,238.000,246.0,54.0,7.105263157894737,98.0,36.70411985018727,8.0,3.361344537815126,156.20833333333334,222.86645852019396,38.666666666666664,46.43947674123816,38.104166666666664,53.34225185847832
historic_center_3_964,0.7720000,0.684,-1,14,11,760.00,898.0,267.000,230.0,238.000,224.0,138.0,18.157894736842106,37.0,13.857677902621722,14.0,5.882352941176471,156.20833333333334,222.86645852019396,38.666666666666664,46.43947674123816,38.104166666666664,53.34225185847832
historic_center_3_965,0.7720000,0.624,-1,10,10,760.00,841.0,267.000,214.0,238.000,196.0,81.0,10.657894736842104,53.0,19.850187265917604,42.0,17.647058823529413,156.20833333333334,222.86645852019396,38.666666666666664,46.43947674123816,38.104166666666664,53.34225185847832
historic_center_3_966,0.7720000,0.7749999999999999,-1,9,9,760.00,741.0,267.000,237.0,238.000,301.0,19.0,2.5,30.0,11.235955056179776,63.0,26.470588235294116,156.20833333333334,222.86645852019396,38.666666666666664,46.43947674123816,38.104166666666664,53.34225185847832
historic_center_3_967,0.7720000,0.8360000000000001,-1,8,10,760.00,777.0,267.000,251.0,238.000,334.0,17.0,2.236842105263158,16.0,5.992509363295881,96.0,40.33613445378151,156.20833333333334,222.86645852019396,38.666666666666664,46.43947674123816,38.104166666666664,53.34225185847832
historic_center_3_968,0.7720000,0.681,-1,10,12,760.00,930.0,267.000,229.0,238.000,223.0,170.0,22.36842105263158,38.0,14.232209737827715,15.0,6.302521008403361,156.20833333333334,222.86645852019396,38.666666666666664,46.43947674123816,38.104166666666664,53.34225185847832
historic_center_3_969,0.7720000,0.862,-1,10,12,760.00,238.0,267.000,251.0,238.000,360.0,522.0,68.6842105263158,16.0,5.992509363295881,122.0,51.260504201680675,156.20833333333334,222.86645852019396,38.666666666666664,46.43947674123816,38.104166666666664,53.34225185847832
historic_center_3_970,0.7720000,0.73,-1,7,12,760.00,188.0,267.000,233.0,238.000,264.0,572.0,75.26315789473684,34.0,12.734082397003744,26.0,10.92436974789916,156.20833333333334,222.86645852019396,38.666666666666664,46.43947674123816,38.104166666666664,53.34225185847832
historic_center_3_971,0.7720000,0.758,-1,10,9,760.00,877.0,267.000,240.0,238.000,278.0,117.0,15.394736842105264,27.0,10.112359550561798,40.0,16.80672268907563,156.20833333333334,222.86645852019396,38.666666666666664,46.43947674123816,38.104166666666664,53.34225185847832
historic_center_3_972,0.7720000,0.703,-1,7,11,760.00,790.0,267.000,236.0,238.000,231.0,30.0,3.9473684210526314,31.0,11.610486891385769,7.0,2.9411764705882355,156.20833333333334,222.86645852019396,38.666666666666664,46.43947674123816,38.104166666666664,53.34225185847832
historic_center_3_973,0.7720000,0.7110000000000001,-1,7,11,760.00,876.0,267.000,234.0,238.000,243.0,116.0,15.263157894736842,33.0,12.359550561797754,5.0,2.100840336134454,156.20833333333334,222.86645852019396,38.666666666666664,46.43947674123816,38.104166666666664,53.34225185847832
historic_center_3_974,0.7720000,0.761,-1,11,15,760.00,897.0,267.000,243.0,238.000,275.0,137.0,18.026315789473685,24.0,8.98876404494382,37.0,15.546218487394958,156.20833333333334,222.86645852019396,38.666666666666664,46.43947674123816,38.104166666666664,53.34225185847832
historic_center_3_975,0.7720000,0.724,-1,13,16,760.00,805.0,267.000,237.0,238.000,250.0,45.0,5.921052631578948,30.0,11.235955056179776,12.0,5.042016806722689,156.20833333333334,222.86645852019396,38.666666666666664,46.43947674123816,38.104166666666664,53.34225185847832
historic_center_3_976,0.7720000,0.668,-1,10,9,760.00,762.0,267.000,233.0,238.000,202.0,2.0,0.2631578947368421,34.0,12.734082397003744,36.0,15.126050420168067,156.20833333333334,222.86645852019396,38.666666666666664,46.43947674123816,38.104166666666664,53.34225185847832
historic_center_3_977,0.7720000,0.712,-1,10,16,760.00,839.0,267.000,236.0,238.000,240.0,79.0,10.394736842105264,31.0,11.610486891385769,2.0,0.8403361344537815,156.20833333333334,222.86645852019396,38.666666666666664,46.43947674123816,38.104166666666664,53.34225185847832
historic_center_3_978,0.7720000,0.672,-1,12,8,760.00,879.0,267.000,233.0,238.000,206.0,119.0,15.657894736842104,34.0,12.734082397003744,32.0,13.445378151260504,156.20833333333334,222.86645852019396,38.666666666666664,46.43947674123816,38.104166666666664,53.34225185847832
historic_center_3_979,0.7720000,0.796,-1,16,9,760.00,836.0,267.000,234.0,238.000,328.0,76.0,10.0,33.0,12.359550561797754,90.0,37.81512605042017,156.20833333333334,222.86645852019396,38.666666666666664,46.43947674123816,38.104166666666664,53.34225185847832
historic_center_3_980,0.7720000,0.541,-1,12,6,760.00,681.0,267.000,157.0,238.000,227.0,79.0,10.394736842105264,110.0,41.19850187265918,11.0,4.621848739495798,156.20833333333334,222.86645852019396,38.666666666666664,46.43947674123816,38.104166666666664,53.34225185847832
historic_center_3_981,0.7720000,0.686,-1,13,17,760.00,847.0,267.000,232.0,238.000,222.0,87.0,11.447368421052632,35.0,13.108614232209737,16.0,6.722689075630252,156.20833333333334,222.86645852019396,38.666666666666664,46.43947674123816,38.104166666666664,53.34225185847832
historic_center_3_982,0.7720000,0.614,-1,13,17,760.00,288.0,267.000,227.0,238.000,160.0,472.0,62.10526315789474,40.0,14.9812734082397,78.0,32.773109243697476,156.20833333333334,222.86645852019396,38.666666666666664,46.43947674123816,38.104166666666664,53.34225185847832
historic_center_3_983,0.7720000,0.708,-1,7,14,760.00,821.0,267.000,241.0,238.000,226.0,61.0,8.026315789473685,26.0,9.737827715355806,12.0,5.042016806722689,156.20833333333334,222.86645852019396,38.666666666666664,46.43947674123816,38.104166666666664,53.34225185847832
historic_center_3_984,0.7720000,0.581,-1,9,13,760.00,113.0,267.000,236.0,238.000,109.0,647.0,85.13157894736842,31.0,11.610486891385769,129.0,54.20168067226891,156.20833333333334,222.86645852019396,38.666666666666664,46.43947674123816,38.104166666666664,53.34225185847832
historic_center_3_985,0.7720000,0.724,-1,7,16,760.00,903.0,267.000,240.0,238.000,244.0,143.0,18.81578947368421,27.0,10.112359550561798,6.0,2.5210084033613445,156.20833333333334,222.86645852019396,38.666666666666664,46.43947674123816,38.104166666666664,53.34225185847832
historic_center_3_986,0.7720000,0.706,-1,7,15,760.00,347.0,267.000,235.0,238.000,236.0,413.0,54.3421052631579,32.0,11.985018726591761,2.0,0.8403361344537815,156.20833333333334,222.86645852019396,38.666666666666664,46.43947674123816,38.104166666666664,53.34225185847832
historic_center_3_987,0.7720000,0.835,-1,15,13,760.00,817.0,267.000,250.0,238.000,335.0,57.0,7.5,17.0,6.367041198501872,97.0,40.7563025210084,156.20833333333334,222.86645852019396,38.666666666666664,46.43947674123816,38.104166666666664,53.34225185847832
historic_center_3_988,0.7720000,0.7050000000000001,-1,8,11,760.00,822.0,267.000,230.0,238.000,245.0,62.0,8.157894736842104,37.0,13.857677902621722,7.0,2.9411764705882355,156.20833333333334,222.86645852019396,38.666666666666664,46.43947674123816,38.104166666666664,53.34225185847832
historic_center_3_989,0.7720000,0.524,-1,9,14,760.00,878.0,267.000,159.0,238.000,206.0,118.0,15.526315789473685,108.0,40.449438202247194,32.0,13.445378151260504,156.20833333333334,222.86645852019396,38.666666666666664,46.43947674123816,38.104166666666664,53.34225185847832
historic_center_3_990,0.7720000,0.792,-1,15,14,760.00,887.0,267.000,250.0,238.000,292.0,127.0,16.710526315789473,17.0,6.367041198501872,54.0,22.689075630252102,156.20833333333334,222.86645852019396,38.666666666666664,46.43947674123816,38.104166666666664,53.34225185847832
historic_center_3_991,0.7720000,0.563,-1,10,12,760.00,733.0,267.000,222.0,238.000,119.0,27.0,3.5526315789473686,45.0,16.853932584269664,119.0,50.0,156.20833333333334,222.86645852019396,38.666666666666664,46.43947674123816,38.104166666666664,53.34225185847832
historic_center_3_992,0.7720000,0.5660000000000001,-1,16,8,760.00,645.0,267.000,167.0,238.000,232.0,115.0,15.131578947368421,100.0,37.453183520599254,6.0,2.5210084033613445,156.20833333333334,222.86645852019396,38.666666666666664,46.43947674123816,38.104166666666664,53.34225185847832
historic_center_3_993,0.7720000,0.588,-1,16,14,760.00,882.0,267.000,240.0,238.000,108.0,122.0,16.05263157894737,27.0,10.112359550561798,130.0,54.621848739495796,156.20833333333334,222.86645852019396,38.666666666666664,46.43947674123816,38.104166666666664,53.34225185847832
historic_center_3_994,0.7720000,0.649,-1,13,10,760.00,665.0,267.000,241.0,238.000,167.0,95.0,12.5,26.0,9.737827715355806,71.0,29.831932773109244,156.20833333333334,222.86645852019396,38.666666666666664,46.43947674123816,38.104166666666664,53.34225185847832
historic_center_3_995,0.7720000,0.6950000000000001,-1,3,16,760.00,849.0,267.000,233.0,238.000,229.0,89.0,11.710526315789474,34.0,12.734082397003744,9.0,3.7815126050420167,156.20833333333334,222.86645852019396,38.666666666666664,46.43947674123816,38.104166666666664,53.34225185847832
historic_center_3_996,0.7720000,0.606,-1,9,7,760.00,357.0,267.000,189.0,238.000,228.0,403.0,53.026315789473685,78.0,29.213483146067414,10.0,4.201680672268908,156.20833333333334,222.86645852019396,38.666666666666664,46.43947674123816,38.104166666666664,53.34225185847832
historic_center_3_997,0.7720000,0.55,-1,8,10,760.00,409.0,267.000,167.0,238.000,216.0,351.0,46.18421052631579,100.0,37.453183520599254,22.0,9.243697478991596,156.20833333333334,222.86645852019396,38.666666666666664,46.43947674123816,38.104166666666664,53.34225185847832
historic_center_3_998,0.7720000,0.751,-1,11,13,760.00,766.0,267.000,245.0,238.000,261.0,6.0,0.7894736842105263,22.0,8.239700374531836,23.0,9.663865546218487,156.20833333333334,222.86645852019396,38.666666666666664,46.43947674123816,38.104166666666664,53.34225185847832
historic_center_3_999,0.7720000,0.695,-1,11,16,760.00,717.0,267.000,237.0,238.000,221.0,43.0,5.657894736842105,30.0,11.235955056179776,17.0,7.142857142857143,156.20833333333334,222.86645852019396,38.666666666666664,46.43947674123816,38.104166666666664,53.34225185847832
historic_center_3_1000,0.7720000,0.7729999999999999,-1,10,6,760.00,885.0,267.000,242.0,238.000,289.0,125.0,16.44736842105263,25.0,9.363295880149813,51.0,21.428571428571427,156.20833333333334,222.86645852019396,38.666666666666664,46.43947674123816,38.104166666666664,53.34225185847832
historic_center_3_1001,0.7720000,0.7869999999999999,-1,8,11,760.00,463.0,267.000,243.0,238.000,301.0,297.0,39.078947368421055,24.0,8.98876404494382,63.0,26.470588235294116,156.20833333333334,222.86645852019396,38.666666666666664,46.43947674123816,38.104166666666664,53.34225185847832
historic_center_3_1002,0.7720000,0.7210000000000001,-1,13,13,760.00,840.0,267.000,233.0,238.000,255.0,80.0,10.526315789473685,34.0,12.734082397003744,17.0,7.142857142857143,156.20833333333334,222.86645852019396,38.666666666666664,46.43947674123816,38.104166666666664,53.34225185847832
historic_center_3_1003,0.7720000,0.735,-1,12,10,760.00,285.0,267.000,249.0,238.000,237.0,475.0,62.5,18.0,6.741573033707865,1.0,0.42016806722689076,156.20833333333334,222.86645852019396,38.666666666666664,46.43947674123816,38.104166666666664,53.34225185847832
historic_center_3_1004,0.7720000,0.735,-1,10,9,760.00,737.0,267.000,249.0,238.000,237.0,23.0,3.026315789473684,18.0,6.741573033707865,1.0,0.42016806722689076,156.20833333333334,222.86645852019396,38.666666666666664,46.43947674123816,38.104166666666664,53.34225185847832
historic_center_3_1005,0.7720000,0.76,-1,11,11,760.00,846.0,267.000,249.0,238.000,262.0,86.0,11.31578947368421,18.0,6.741573033707865,24.0,10.084033613445378,156.20833333333334,222.86645852019396,38.666666666666664,46.43947674123816,38.104166666666664,53.34225185847832
historic_center_3_1006,0.7720000,0.558,-1,10,12,760.00,837.0,267.000,181.0,238.000,196.0,77.0,10.131578947368421,86.0,32.20973782771536,42.0,17.647058823529413,156.20833333333334,222.86645852019396,38.666666666666664,46.43947674123816,38.104166666666664,53.34225185847832
historic_center_3_1007,0.7720000,0.635,-1,4,10,760.00,963.0,267.000,242.0,238.000,151.0,203.0,26.710526315789473,25.0,9.363295880149813,87.0,36.554621848739494,156.20833333333334,222.86645852019396,38.666666666666664,46.43947674123816,38.104166666666664,53.34225185847832
historic_center_3_1008,0.7720000,0.761,-1,9,12,760.00,705.0,267.000,252.0,238.000,257.0,55.0,7.2368421052631575,15.0,5.617977528089888,19.0,7.983193277310924,156.20833333333334,222.86645852019396,38.666666666666664,46.43947674123816,38.104166666666664,53.34225185847832
historic_center_3_1009,0.7720000,0.737,-1,9,15,760.00,656.0,267.000,251.0,238.000,235.0,104.0,13.68421052631579,16.0,5.992509363295881,3.0,1.2605042016806722,156.20833333333334,222.86645852019396,38.666666666666664,46.43947674123816,38.104166666666664,53.34225185847832
Rice_stair1_4,0.6300000,0.52,12,5,90,1970.00,1047.0,160.000,116.0,310.000,288.0,923.0,46.85279187817259,44.0,27.5,22.0,7.096774193548387,1566.1899441340781,1593.1944159227317,30.251396648044693,37.5293553630552,85.64804469273743,99.52324901736311
Rice_stair1_5,0.6300000,0.837,12,5,90,1970.00,429.0,160.000,171.0,310.000,495.0,1541.0,78.22335025380711,11.0,6.875,185.0,59.67741935483871,1566.1899441340781,1593.1944159227317,30.251396648044693,37.5293553630552,85.64804469273743,99.52324901736311
Rice_stair1_6,0.6300000,0.7370000000000001,12,5,90,1970.00,296.0,160.000,168.0,310.000,401.0,1674.0,84.9746192893401,8.0,5.0,91.0,29.35483870967742,1566.1899441340781,1593.1944159227317,30.251396648044693,37.5293553630552,85.64804469273743,99.52324901736311
Rice_stair1_7,0.6300000,0.571,12,5,90,1970.00,204.0,160.000,150.0,310.000,271.0,1766.0,89.64467005076142,10.0,6.25,39.0,12.580645161290322,1566.1899441340781,1593.1944159227317,30.251396648044693,37.5293553630552,85.64804469273743,99.52324901736311
Rice_stair1_8,0.6300000,0.733,12,5,90,1970.00,97.0,160.000,163.0,310.000,407.0,1873.0,95.0761421319797,3.0,1.875,97.0,31.29032258064516,1566.1899441340781,1593.1944159227317,30.251396648044693,37.5293553630552,85.64804469273743,99.52324901736311
Rice_stair2_9,0.6400000,0.6759999999999999,12,24,36,1970.00,1164.0,160.000,209.0,320.000,258.0,806.0,40.91370558375635,49.0,30.625,62.0,19.375,1566.1899441340781,1593.1944159227317,30.251396648044693,37.5293553630552,85.64804469273743,99.52324901736311
Rice_stair2_10,0.6400000,0.755,12,24,36,1970.00,1397.0,160.000,220.0,320.000,315.0,573.0,29.086294416243653,60.0,37.5,5.0,1.5625,1566.1899441340781,1593.1944159227317,30.251396648044693,37.5293553630552,85.64804469273743,99.52324901736311
Rice_stair2_11,0.6400000,0.577,12,25,49,1970.00,1477.0,160.000,167.0,320.000,243.0,493.0,25.0253807106599,7.0,4.375,77.0,24.0625,1566.1899441340781,1593.1944159227317,30.251396648044693,37.5293553630552,85.64804469273743,99.52324901736311
Rice_stair2_82,0.6400000,0.581,12,13,85,1970.00,644.0,160.000,155.0,320.000,271.0,1326.0,67.30964467005076,5.0,3.125,49.0,15.3125,1566.1899441340781,1593.1944159227317,30.251396648044693,37.5293553630552,85.64804469273743,99.52324901736311
Rice_stair2_83,0.6400000,0.505,12,11,90,1970.00,362.0,160.000,132.0,320.000,241.0,1608.0,81.6243654822335,28.0,17.5,79.0,24.6875,1566.1899441340781,1593.1944159227317,30.251396648044693,37.5293553630552,85.64804469273743,99.52324901736311
Rice_stair2_84,0.6400000,0.791,12,11,90,1970.00,229.0,160.000,194.0,320.000,403.0,1741.0,88.3756345177665,34.0,21.25,83.0,25.9375,1566.1899441340781,1593.1944159227317,30.251396648044693,37.5293553630552,85.64804469273743,99.52324901736311
Rice_stair2_85,0.6400000,0.619,12,11,90,1970.00,130.0,160.000,147.0,320.000,325.0,1840.0,93.4010152284264,13.0,8.125,5.0,1.5625,1566.1899441340781,1593.1944159227317,30.251396648044693,37.5293553630552,85.64804469273743,99.52324901736311
Rice_stair2_86,0.6400000,0.517,12,11,90,1970.00,427.0,160.000,152.0,320.000,213.0,1543.0,78.3248730964467,8.0,5.0,107.0,33.4375,1566.1899441340781,1593.1944159227317,30.251396648044693,37.5293553630552,85.64804469273743,99.52324901736311
Rice_stair2_87,0.6400000,0.7050000000000001,12,21,303,1970.00,1709.0,160.000,159.0,320.000,387.0,261.0,13.248730964467006,1.0,0.625,67.0,20.9375,1566.1899441340781,1593.1944159227317,30.251396648044693,37.5293553630552,85.64804469273743,99.52324901736311
Rice_stair2_88,0.6400000,0.56,12,21,303,1970.00,1017.0,160.000,142.0,320.000,276.0,953.0,48.3756345177665,18.0,11.25,44.0,13.75,1566.1899441340781,1593.1944159227317,30.251396648044693,37.5293553630552,85.64804469273743,99.52324901736311
Rice_stair2_89,0.6400000,0.479,12,21,303,1970.00,366.0,160.000,108.0,320.000,263.0,1604.0,81.42131979695432,52.0,32.5,57.0,17.8125,1566.1899441340781,1593.1944159227317,30.251396648044693,37.5293553630552,85.64804469273743,99.52324901736311
Rice_stair2_90,0.6400000,0.713,12,21,303,1970.00,275.0,160.000,151.0,320.000,411.0,1695.0,86.04060913705584,9.0,5.625,91.0,28.4375,1566.1899441340781,1593.1944159227317,30.251396648044693,37.5293553630552,85.64804469273743,99.52324901736311
Rice_stair2_91,0.6400000,0.525,12,21,303,1970.00,646.0,160.000,132.0,320.000,261.0,1324.0,67.20812182741116,28.0,17.5,59.0,18.4375,1566.1899441340781,1593.1944159227317,30.251396648044693,37.5293553630552,85.64804469273743,99.52324901736311
Rice_stair2_92,0.6400000,0.5880000000000001,12,21,303,1970.00,334.0,160.000,138.0,320.000,312.0,1636.0,83.04568527918782,22.0,13.75,8.0,2.5,1566.1899441340781,1593.1944159227317,30.251396648044693,37.5293553630552,85.64804469273743,99.52324901736311
Rice_stair2_93,0.6400000,0.548,12,21,303,1970.00,396.0,160.000,148.0,320.000,252.0,1574.0,79.8984771573604,12.0,7.5,68.0,21.25,1566.1899441340781,1593.1944159227317,30.251396648044693,37.5293553630552,85.64804469273743,99.52324901736311
Rice_stair2_94,0.6400000,0.409,12,21,303,1970.00,434.0,160.000,143.0,320.000,123.0,1536.0,77.96954314720813,17.0,10.625,197.0,61.5625,1566.1899441340781,1593.1944159227317,30.251396648044693,37.5293553630552,85.64804469273743,99.52324901736311
Rice_stair2_95,0.6400000,0.875,12,21,303,1970.00,823.0,160.000,188.0,320.000,499.0,1147.0,58.223350253807105,28.0,17.5,179.0,55.9375,1566.1899441340781,1593.1944159227317,30.251396648044693,37.5293553630552,85.64804469273743,99.52324901736311
Rice_stair2_96,0.6400000,0.665,12,21,303,1970.00,152.0,160.000,232.0,320.000,201.0,1818.0,92.28426395939087,72.0,45.0,119.0,37.1875,1566.1899441340781,1593.1944159227317,30.251396648044693,37.5293553630552,85.64804469273743,99.52324901736311
Rice_stair2_97,0.6400000,0.442,12,21,303,1970.00,333.0,160.000,114.0,320.000,214.0,1637.0,83.09644670050761,46.0,28.75,106.0,33.125,1566.1899441340781,1593.1944159227317,30.251396648044693,37.5293553630552,85.64804469273743,99.52324901736311
Rice_stair2_98,0.6400000,0.46299999999999997,12,21,303,1970.00,520.0,160.000,128.0,320.000,207.0,1450.0,73.60406091370558,32.0,20.0,113.0,35.3125,1566.1899441340781,1593.1944159227317,30.251396648044693,37.5293553630552,85.64804469273743,99.52324901736311
Rice_stair2_99,0.6400000,0.45799999999999996,12,21,303,1970.00,181.0,160.000,121.0,320.000,216.0,1789.0,90.81218274111676,39.0,24.375,104.0,32.5,1566.1899441340781,1593.1944159227317,30.251396648044693,37.5293553630552,85.64804469273743,99.52324901736311
Rice_stair2_100,0.6400000,0.7230000000000001,12,21,303,1970.00,159.0,160.000,192.0,320.000,339.0,1811.0,91.92893401015229,32.0,20.0,19.0,5.9375,1566.1899441340781,1593.1944159227317,30.251396648044693,37.5293553630552,85.64804469273743,99.52324901736311
Rice_stair2_101,0.6400000,0.863,12,21,303,1970.00,279.0,160.000,182.0,320.000,499.0,1691.0,85.83756345177665,22.0,13.75,179.0,55.9375,1566.1899441340781,1593.1944159227317,30.251396648044693,37.5293553630552,85.64804469273743,99.52324901736311
Rice_stair2_102,0.6400000,0.478,12,21,303,1970.00,544.0,160.000,143.0,320.000,192.0,1426.0,72.38578680203045,17.0,10.625,128.0,40.0,1566.1899441340781,1593.1944159227317,30.251396648044693,37.5293553630552,85.64804469273743,99.52324901736311
Rice_stair2_103,0.6400000,0.78,12,21,303,1970.00,808.0,160.000,166.0,320.000,448.0,1162.0,58.984771573604064,6.0,3.75,128.0,40.0,1566.1899441340781,1593.1944159227317,30.251396648044693,37.5293553630552,85.64804469273743,99.52324901736311
Rice_stair2_104,0.6400000,0.907,12,21,303,1970.00,741.0,160.000,209.0,320.000,489.0,1229.0,62.38578680203046,49.0,30.625,169.0,52.8125,1566.1899441340781,1593.1944159227317,30.251396648044693,37.5293553630552,85.64804469273743,99.52324901736311
Rice_stair2_105,0.6400000,0.796,12,21,303,1970.00,481.0,160.000,235.0,320.000,326.0,1489.0,75.58375634517766,75.0,46.875,6.0,1.875,1566.1899441340781,1593.1944159227317,30.251396648044693,37.5293553630552,85.64804469273743,99.52324901736311
Rice_stair2_106,0.6400000,0.93,12,21,303,1970.00,442.0,160.000,234.0,320.000,462.0,1528.0,77.56345177664974,74.0,46.25,142.0,44.375,1566.1899441340781,1593.1944159227317,30.251396648044693,37.5293553630552,85.64804469273743,99.52324901736311
Rice_stair2_107,0.6400000,0.627,12,21,303,1970.00,665.0,160.000,138.0,320.000,351.0,1305.0,66.24365482233503,22.0,13.75,31.0,9.6875,1566.1899441340781,1593.1944159227317,30.251396648044693,37.5293553630552,85.64804469273743,99.52324901736311
Rice_stair2_108,0.6400000,0.5760000000000001,12,21,303,1970.00,619.0,160.000,121.0,320.000,334.0,1351.0,68.57868020304568,39.0,24.375,14.0,4.375,1566.1899441340781,1593.1944159227317,30.251396648044693,37.5293553630552,85.64804469273743,99.52324901736311
Rice_stair2_109,0.6400000,0.494,12,21,303,1970.00,281.0,160.000,134.0,320.000,226.0,1689.0,85.73604060913705,26.0,16.25,94.0,29.375,1566.1899441340781,1593.1944159227317,30.251396648044693,37.5293553630552,85.64804469273743,99.52324901736311
Rice_stair2_110,0.6400000,0.567,12,21,303,1970.00,172.0,160.000,182.0,320.000,203.0,1798.0,91.26903553299492,22.0,13.75,117.0,36.5625,1566.1899441340781,1593.1944159227317,30.251396648044693,37.5293553630552,85.64804469273743,99.52324901736311
Rice_stair2_111,0.6400000,0.912,12,21,303,1970.00,167.0,160.000,225.0,320.000,462.0,1803.0,91.5228426395939,65.0,40.625,142.0,44.375,1566.1899441340781,1593.1944159227317,30.251396648044693,37.5293553630552,85.64804469273743,99.52324901736311
Rice_stair2_112,0.6400000,0.587,12,21,303,1970.00,255.0,160.000,139.0,320.000,309.0,1715.0,87.05583756345177,21.0,13.125,11.0,3.4375,1566.1899441340781,1593.1944159227317,30.251396648044693,37.5293553630552,85.64804469273743,99.52324901736311
Rice_stair2_113,0.6400000,0.8140000000000001,12,8,287,1970.00,1095.0,160.000,163.0,320.000,488.0,875.0,44.41624365482234,3.0,1.875,168.0,52.5,1566.1899441340781,1593.1944159227317,30.251396648044693,37.5293553630552,85.64804469273743,99.52324901736311
Rice_stair2_114,0.6400000,0.835,12,8,287,1970.00,245.0,160.000,176.0,320.000,483.0,1725.0,87.56345177664974,16.0,10.0,163.0,50.9375,1566.1899441340781,1593.1944159227317,30.251396648044693,37.5293553630552,85.64804469273743,99.52324901736311
Rice_stair2_115,0.6400000,0.83,12,8,287,1970.00,473.0,160.000,176.0,320.000,478.0,1497.0,75.98984771573605,16.0,10.0,158.0,49.375,1566.1899441340781,1593.1944159227317,30.251396648044693,37.5293553630552,85.64804469273743,99.52324901736311
Rice_stair2_116,0.6400000,0.637,12,8,287,1970.00,975.0,160.000,211.0,320.000,215.0,995.0,50.50761421319797,51.0,31.875,105.0,32.8125,1566.1899441340781,1593.1944159227317,30.251396648044693,37.5293553630552,85.64804469273743,99.52324901736311
Rice_stair2_117,0.6400000,0.6990000000000001,12,8,287,1970.00,231.0,160.000,168.0,320.000,363.0,1739.0,88.2741116751269,8.0,5.0,43.0,13.4375,1566.1899441340781,1593.1944159227317,30.251396648044693,37.5293553630552,85.64804469273743,99.52324901736311
Rice_stair2_118,0.6400000,0.728,12,8,287,1970.00,491.0,160.000,167.0,320.000,394.0,1479.0,75.0761421319797,7.0,4.375,74.0,23.125,1566.1899441340781,1593.1944159227317,30.251396648044693,37.5293553630552,85.64804469273743,99.52324901736311
Rice_stair2_119,0.6400000,0.5760000000000001,12,8,287,1970.00,133.0,160.000,161.0,320.000,254.0,1837.0,93.248730964467,1.0,0.625,66.0,20.625,1566.1899441340781,1593.1944159227317,30.251396648044693,37.5293553630552,85.64804469273743,99.52324901736311
Rice_stair2_120,0.6400000,0.636,12,8,287,1970.00,492.0,160.000,169.0,320.000,298.0,1478.0,75.0253807106599,9.0,5.625,22.0,6.875,1566.1899441340781,1593.1944159227317,30.251396648044693,37.5293553630552,85.64804469273743,99.52324901736311
Rice_stair2_121,0.6400000,0.687,12,8,287,1970.00,80.0,160.000,145.0,320.000,397.0,1890.0,95.93908629441624,15.0,9.375,77.0,24.0625,1566.1899441340781,1593.1944159227317,30.251396648044693,37.5293553630552,85.64804469273743,99.52324901736311
Rice_stair2_122,0.6400000,0.696,12,8,287,1970.00,844.0,160.000,230.0,320.000,236.0,1126.0,57.15736040609137,70.0,43.75,84.0,26.25,1566.1899441340781,1593.1944159227317,30.251396648044693,37.5293553630552,85.64804469273743,99.52324901736311
Rice_stair2_123,0.6400000,0.7609999999999999,12,8,287,1970.00,151.0,160.000,175.0,320.000,411.0,1819.0,92.33502538071066,15.0,9.375,91.0,28.4375,1566.1899441340781,1593.1944159227317,30.251396648044693,37.5293553630552,85.64804469273743,99.52324901736311
Rice_stair2_124,0.6400000,0.847,12,8,287,1970.00,369.0,160.000,195.0,320.000,457.0,1601.0,81.26903553299492,35.0,21.875,137.0,42.8125,1566.1899441340781,1593.1944159227317,30.251396648044693,37.5293553630552,85.64804469273743,99.52324901736311
Rice_stair2_125,0.6400000,0.751,12,8,287,1970.00,298.0,160.000,175.0,320.000,401.0,1672.0,84.8730964467005,15.0,9.375,81.0,25.3125,1566.1899441340781,1593.1944159227317,30.251396648044693,37.5293553630552,85.64804469273743,99.52324901736311
Rice_stair2_126,0.6400000,0.49,12,8,287,1970.00,1056.0,160.000,168.0,320.000,154.0,914.0,46.39593908629442,8.0,5.0,166.0,51.875,1566.1899441340781,1593.1944159227317,30.251396648044693,37.5293553630552,85.64804469273743,99.52324901736311
Rice_stair2_127,0.6400000,0.6659999999999999,12,8,287,1970.00,131.0,160.000,175.0,320.000,316.0,1839.0,93.3502538071066,15.0,9.375,4.0,1.25,1566.1899441340781,1593.1944159227317,30.251396648044693,37.5293553630552,85.64804469273743,99.52324901736311
Rice_stair2_128,0.6400000,0.5960000000000001,12,8,287,1970.00,639.0,160.000,160.0,320.000,276.0,1331.0,67.56345177664974,0.0,0.0,44.0,13.75,1566.1899441340781,1593.1944159227317,30.251396648044693,37.5293553630552,85.64804469273743,99.52324901736311
Rice_stair2_129,0.6400000,0.927,12,8,287,1970.00,116.0,160.000,216.0,320.000,495.0,1854.0,94.11167512690355,56.0,35.0,175.0,54.6875,1566.1899441340781,1593.1944159227317,30.251396648044693,37.5293553630552,85.64804469273743,99.52324901736311
Rice_stair2_130,0.6400000,0.626,12,8,287,1970.00,550.0,160.000,170.0,320.000,286.0,1420.0,72.08121827411168,10.0,6.25,34.0,10.625,1566.1899441340781,1593.1944159227317,30.251396648044693,37.5293553630552,85.64804469273743,99.52324901736311
Rice_stair2_131,0.6400000,0.828,12,8,287,1970.00,364.0,160.000,177.0,320.000,474.0,1606.0,81.5228426395939,17.0,10.625,154.0,48.125,1566.1899441340781,1593.1944159227317,30.251396648044693,37.5293553630552,85.64804469273743,99.52324901736311
Rice_stair2_132,0.6400000,0.77,12,8,287,1970.00,88.0,160.000,172.0,320.000,426.0,1882.0,95.53299492385787,12.0,7.5,106.0,33.125,1566.1899441340781,1593.1944159227317,30.251396648044693,37.5293553630552,85.64804469273743,99.52324901736311
Rice_stair2_133,0.6400000,0.7969999999999999,12,8,287,1970.00,81.0,160.000,182.0,320.000,433.0,1889.0,95.88832487309645,22.0,13.75,113.0,35.3125,1566.1899441340781,1593.1944159227317,30.251396648044693,37.5293553630552,85.64804469273743,99.52324901736311
Rice_stair2_134,0.6400000,0.618,12,8,287,1970.00,219.0,160.000,180.0,320.000,258.0,1751.0,88.88324873096447,20.0,12.5,62.0,19.375,1566.1899441340781,1593.1944159227317,30.251396648044693,37.5293553630552,85.64804469273743,99.52324901736311
Rice_stair2_135,0.6400000,0.8,12,8,287,1970.00,164.0,160.000,182.0,320.000,436.0,1806.0,91.6751269035533,22.0,13.75,116.0,36.25,1566.1899441340781,1593.1944159227317,30.251396648044693,37.5293553630552,85.64804469273743,99.52324901736311
Rice_stair2_136,0.6400000,0.619,12,14,302,1970.00,239.0,160.000,163.0,320.000,293.0,1731.0,87.86802030456853,3.0,1.875,27.0,8.4375,1566.1899441340781,1593.1944159227317,30.251396648044693,37.5293553630552,85.64804469273743,99.52324901736311
Rice_stair2_137,0.6400000,0.747,12,14,302,1970.00,451.0,160.000,210.0,320.000,327.0,1519.0,77.10659898477158,50.0,31.25,7.0,2.1875,1566.1899441340781,1593.1944159227317,30.251396648044693,37.5293553630552,85.64804469273743,99.52324901736311
Rice_stair2_138,0.6400000,0.6479999999999999,12,14,302,1970.00,219.0,160.000,175.0,320.000,298.0,1751.0,88.88324873096447,15.0,9.375,22.0,6.875,1566.1899441340781,1593.1944159227317,30.251396648044693,37.5293553630552,85.64804469273743,99.52324901736311
Rice_stair2_139,0.6400000,0.6890000000000001,12,14,302,1970.00,669.0,160.000,200.0,320.000,289.0,1301.0,66.04060913705584,40.0,25.0,31.0,9.6875,1566.1899441340781,1593.1944159227317,30.251396648044693,37.5293553630552,85.64804469273743,99.52324901736311
Rice_stair2_140,0.6400000,0.794,12,14,302,1970.00,669.0,160.000,167.0,320.000,460.0,1301.0,66.04060913705584,7.0,4.375,140.0,43.75,1566.1899441340781,1593.1944159227317,30.251396648044693,37.5293553630552,85.64804469273743,99.52324901736311
Rice_stair2_141,0.6400000,0.769,12,14,302,1970.00,400.0,160.000,196.0,320.000,377.0,1570.0,79.69543147208122,36.0,22.5,57.0,17.8125,1566.1899441340781,1593.1944159227317,30.251396648044693,37.5293553630552,85.64804469273743,99.52324901736311
Rice_stair2_142,0.6400000,0.78,12,14,302,1970.00,198.0,160.000,232.0,320.000,316.0,1772.0,89.94923857868021,72.0,45.0,4.0,1.25,1566.1899441340781,1593.1944159227317,30.251396648044693,37.5293553630552,85.64804469273743,99.52324901736311
Rice_stair2_143,0.6400000,0.6719999999999999,12,14,302,1970.00,604.0,160.000,216.0,320.000,240.0,1366.0,69.34010152284264,56.0,35.0,80.0,25.0,1566.1899441340781,1593.1944159227317,30.251396648044693,37.5293553630552,85.64804469273743,99.52324901736311
Rice_stair2_144,0.6400000,0.665,12,14,302,1970.00,98.0,160.000,211.0,320.000,243.0,1872.0,95.0253807106599,51.0,31.875,77.0,24.0625,1566.1899441340781,1593.1944159227317,30.251396648044693,37.5293553630552,85.64804469273743,99.52324901736311
Rice_stair2_145,0.6400000,0.8140000000000001,12,14,302,1970.00,283.0,160.000,186.0,320.000,442.0,1687.0,85.63451776649747,26.0,16.25,122.0,38.125,1566.1899441340781,1593.1944159227317,30.251396648044693,37.5293553630552,85.64804469273743,99.52324901736311
Rice_stair2_146,0.6400000,0.697,12,14,302,1970.00,110.0,160.000,237.0,320.000,223.0,1860.0,94.41624365482234,77.0,48.125,97.0,30.3125,1566.1899441340781,1593.1944159227317,30.251396648044693,37.5293553630552,85.64804469273743,99.52324901736311
Rice_stair2_147,0.6400000,0.829,12,14,302,1970.00,278.0,160.000,214.0,320.000,401.0,1692.0,85.88832487309645,54.0,33.75,81.0,25.3125,1566.1899441340781,1593.1944159227317,30.251396648044693,37.5293553630552,85.64804469273743,99.52324901736311
Rice_stair2_148,0.6400000,0.625,12,14,302,1970.00,415.0,160.000,191.0,320.000,243.0,1555.0,78.93401015228426,31.0,19.375,77.0,24.0625,1566.1899441340781,1593.1944159227317,30.251396648044693,37.5293553630552,85.64804469273743,99.52324901736311
Rice_stair2_149,0.6400000,0.5369999999999999,12,14,302,1970.00,153.0,160.000,147.0,320.000,243.0,1817.0,92.23350253807106,13.0,8.125,77.0,24.0625,1566.1899441340781,1593.1944159227317,30.251396648044693,37.5293553630552,85.64804469273743,99.52324901736311
Rice_stair2_150,0.6400000,0.888,12,14,302,1970.00,78.0,160.000,222.0,320.000,444.0,1892.0,96.04060913705584,62.0,38.75,124.0,38.75,1566.1899441340781,1593.1944159227317,30.251396648044693,37.5293553630552,85.64804469273743,99.52324901736311
Rice_stair2_151,0.6400000,0.778,12,14,302,1970.00,461.0,160.000,216.0,320.000,346.0,1509.0,76.5989847715736,56.0,35.0,26.0,8.125,1566.1899441340781,1593.1944159227317,30.251396648044693,37.5293553630552,85.64804469273743,99.52324901736311
Rice_stair2_152,0.6400000,0.794,12,14,302,1970.00,187.0,160.000,176.0,320.000,442.0,1783.0,90.50761421319797,16.0,10.0,122.0,38.125,1566.1899441340781,1593.1944159227317,30.251396648044693,37.5293553630552,85.64804469273743,99.52324901736311
Rice_stair2_153,0.6400000,0.54,12,14,302,1970.00,173.0,160.000,175.0,320.000,190.0,1797.0,91.21827411167513,15.0,9.375,130.0,40.625,1566.1899441340781,1593.1944159227317,30.251396648044693,37.5293553630552,85.64804469273743,99.52324901736311
Rice_stair2_154,0.6400000,0.747,12,14,302,1970.00,370.0,160.000,177.0,320.000,393.0,1600.0,81.21827411167513,17.0,10.625,73.0,22.8125,1566.1899441340781,1593.1944159227317,30.251396648044693,37.5293553630552,85.64804469273743,99.52324901736311
Rice_stair2_155,0.6400000,0.9059999999999999,12,14,302,1970.00,158.0,160.000,205.0,320.000,496.0,1812.0,91.97969543147208,45.0,28.125,176.0,55.0,1566.1899441340781,1593.1944159227317,30.251396648044693,37.5293553630552,85.64804469273743,99.52324901736311
Rice_stair2_156,0.6400000,0.6759999999999999,12,14,302,1970.00,217.0,160.000,181.0,320.000,314.0,1753.0,88.98477157360406,21.0,13.125,6.0,1.875,1566.1899441340781,1593.1944159227317,30.251396648044693,37.5293553630552,85.64804469273743,99.52324901736311
Rice_stair2_157,0.6400000,0.8089999999999999,12,14,302,1970.00,404.0,160.000,218.0,320.000,373.0,1566.0,79.49238578680203,58.0,36.25,53.0,16.5625,1566.1899441340781,1593.1944159227317,30.251396648044693,37.5293553630552,85.64804469273743,99.52324901736311
Rice_stair2_158,0.6400000,0.7829999999999999,12,19,295,1970.00,783.0,160.000,214.0,320.000,355.0,1187.0,60.253807106598984,54.0,33.75,35.0,10.9375,1566.1899441340781,1593.1944159227317,30.251396648044693,37.5293553630552,85.64804469273743,99.52324901736311
Rice_stair2_159,0.6400000,0.593,12,19,295,1970.00,601.0,160.000,169.0,320.000,255.0,1369.0,69.49238578680203,9.0,5.625,65.0,20.3125,1566.1899441340781,1593.1944159227317,30.251396648044693,37.5293553630552,85.64804469273743,99.52324901736311
Rice_stair2_160,0.6400000,0.871,12,19,295,1970.00,290.0,160.000,193.0,320.000,485.0,1680.0,85.27918781725889,33.0,20.625,165.0,51.5625,1566.1899441340781,1593.1944159227317,30.251396648044693,37.5293553630552,85.64804469273743,99.52324901736311
Rice_stair2_161,0.6400000,0.775,12,19,295,1970.00,372.0,160.000,197.0,320.000,381.0,1598.0,81.11675126903553,37.0,23.125,61.0,19.0625,1566.1899441340781,1593.1944159227317,30.251396648044693,37.5293553630552,85.64804469273743,99.52324901736311
Rice_stair2_162,0.6400000,0.698,12,19,295,1970.00,650.0,160.000,198.0,320.000,302.0,1320.0,67.00507614213198,38.0,23.75,18.0,5.625,1566.1899441340781,1593.1944159227317,30.251396648044693,37.5293553630552,85.64804469273743,99.52324901736311
Rice_stair2_163,0.6400000,0.575,12,19,295,1970.00,184.0,160.000,187.0,320.000,201.0,1786.0,90.65989847715736,27.0,16.875,119.0,37.1875,1566.1899441340781,1593.1944159227317,30.251396648044693,37.5293553630552,85.64804469273743,99.52324901736311
Rice_stair2_164,0.6400000,0.7030000000000001,12,19,295,1970.00,152.0,160.000,153.0,320.000,397.0,1818.0,92.28426395939087,7.0,4.375,77.0,24.0625,1566.1899441340781,1593.1944159227317,30.251396648044693,37.5293553630552,85.64804469273743,99.52324901736311
Rice_stair2_165,0.6400000,0.752,12,19,295,1970.00,510.0,160.000,174.0,320.000,404.0,1460.0,74.11167512690355,14.0,8.75,84.0,26.25,1566.1899441340781,1593.1944159227317,30.251396648044693,37.5293553630552,85.64804469273743,99.52324901736311
Rice_stair2_166,0.6400000,0.81,12,19,295,1970.00,199.0,160.000,168.0,320.000,474.0,1771.0,89.8984771573604,8.0,5.0,154.0,48.125,1566.1899441340781,1593.1944159227317,30.251396648044693,37.5293553630552,85.64804469273743,99.52324901736311
Rice_stair2_167,0.6400000,0.649,12,19,295,1970.00,541.0,160.000,223.0,320.000,203.0,1429.0,72.53807106598985,63.0,39.375,117.0,36.5625,1566.1899441340781,1593.1944159227317,30.251396648044693,37.5293553630552,85.64804469273743,99.52324901736311
Rice_stair2_168,0.6400000,0.614,12,19,295,1970.00,366.0,160.000,198.0,320.000,218.0,1604.0,81.42131979695432,38.0,23.75,102.0,31.875,1566.1899441340781,1593.1944159227317,30.251396648044693,37.5293553630552,85.64804469273743,99.52324901736311
Rice_stair2_169,0.6400000,0.575,12,19,295,1970.00,297.0,160.000,125.0,320.000,325.0,1673.0,84.9238578680203,35.0,21.875,5.0,1.5625,1566.1899441340781,1593.1944159227317,30.251396648044693,37.5293553630552,85.64804469273743,99.52324901736311
Rice_stair2_170,0.6400000,0.902,12,19,295,1970.00,297.0,160.000,219.0,320.000,464.0,1673.0,84.9238578680203,59.0,36.875,144.0,45.0,1566.1899441340781,1593.1944159227317,30.251396648044693,37.5293553630552,85.64804469273743,99.52324901736311
Rice_stair2_171,0.6400000,0.53,12,19,295,1970.00,673.0,160.000,151.0,320.000,228.0,1297.0,65.83756345177665,9.0,5.625,92.0,28.75,1566.1899441340781,1593.1944159227317,30.251396648044693,37.5293553630552,85.64804469273743,99.52324901736311
Rice_stair2_172,0.6400000,0.7150000000000001,12,19,295,1970.00,196.0,160.000,221.0,320.000,273.0,1774.0,90.05076142131979,61.0,38.125,47.0,14.6875,1566.1899441340781,1593.1944159227317,30.251396648044693,37.5293553630552,85.64804469273743,99.52324901736311
Rice_stair2_173,0.6400000,0.832,12,19,295,1970.00,367.0,160.000,211.0,320.000,410.0,1603.0,81.37055837563452,51.0,31.875,90.0,28.125,1566.1899441340781,1593.1944159227317,30.251396648044693,37.5293553630552,85.64804469273743,99.52324901736311
Rice_stair2_174,0.6400000,0.722,12,19,295,1970.00,383.0,160.000,172.0,320.000,378.0,1587.0,80.55837563451777,12.0,7.5,58.0,18.125,1566.1899441340781,1593.1944159227317,30.251396648044693,37.5293553630552,85.64804469273743,99.52324901736311
Rice_stair2_175,0.6400000,0.764,12,19,295,1970.00,399.0,160.000,236.0,320.000,292.0,1571.0,79.74619289340102,76.0,47.5,28.0,8.75,1566.1899441340781,1593.1944159227317,30.251396648044693,37.5293553630552,85.64804469273743,99.52324901736311
Rice_stair2_176,0.6400000,0.663,12,19,295,1970.00,402.0,160.000,170.0,320.000,323.0,1568.0,79.59390862944163,10.0,6.25,3.0,0.9375,1566.1899441340781,1593.1944159227317,30.251396648044693,37.5293553630552,85.64804469273743,99.52324901736311
Rice_stair2_177,0.6400000,0.6,12,19,295,1970.00,440.0,160.000,177.0,320.000,246.0,1530.0,77.66497461928934,17.0,10.625,74.0,23.125,1566.1899441340781,1593.1944159227317,30.251396648044693,37.5293553630552,85.64804469273743,99.52324901736311
Rice_stair2_178,0.6400000,0.786,12,19,295,1970.00,344.0,160.000,217.0,320.000,352.0,1626.0,82.53807106598985,57.0,35.625,32.0,10.0,1566.1899441340781,1593.1944159227317,30.251396648044693,37.5293553630552,85.64804469273743,99.52324901736311
Rice_stair2_179,0.6400000,0.626,12,19,295,1970.00,994.0,160.000,222.0,320.000,182.0,976.0,49.54314720812183,62.0,38.75,138.0,43.125,1566.1899441340781,1593.1944159227317,30.251396648044693,37.5293553630552,85.64804469273743,99.52324901736311
Rice_stair2_180,0.6400000,0.812,12,19,295,1970.00,259.0,160.000,180.0,320.000,452.0,1711.0,86.8527918781726,20.0,12.5,132.0,41.25,1566.1899441340781,1593.1944159227317,30.251396648044693,37.5293553630552,85.64804469273743,99.52324901736311
Rice_stair2_181,0.6400000,0.72,12,19,307,1970.00,364.0,160.000,161.0,320.000,398.0,1606.0,81.5228426395939,1.0,0.625,78.0,24.375,1566.1899441340781,1593.1944159227317,30.251396648044693,37.5293553630552,85.64804469273743,99.52324901736311
Rice_stair2_182,0.6400000,0.615,12,19,307,1970.00,1361.0,160.000,190.0,320.000,235.0,609.0,30.913705583756347,30.0,18.75,85.0,26.5625,1566.1899441340781,1593.1944159227317,30.251396648044693,37.5293553630552,85.64804469273743,99.52324901736311
Rice_stair2_183,0.6400000,0.742,12,19,307,1970.00,736.0,160.000,172.0,320.000,398.0,1234.0,62.63959390862944,12.0,7.5,78.0,24.375,1566.1899441340781,1593.1944159227317,30.251396648044693,37.5293553630552,85.64804469273743,99.52324901736311
Rice_stair2_184,0.6400000,0.443,12,19,307,1970.00,203.0,160.000,110.0,320.000,223.0,1767.0,89.69543147208122,50.0,31.25,97.0,30.3125,1566.1899441340781,1593.1944159227317,30.251396648044693,37.5293553630552,85.64804469273743,99.52324901736311
Rice_stair2_185,0.6400000,0.484,12,19,307,1970.00,778.0,160.000,118.0,320.000,248.0,1192.0,60.50761421319797,42.0,26.25,72.0,22.5,1566.1899441340781,1593.1944159227317,30.251396648044693,37.5293553630552,85.64804469273743,99.52324901736311
Rice_stair2_186,0.6400000,0.868,12,19,307,1970.00,170.0,160.000,197.0,320.000,474.0,1800.0,91.37055837563452,37.0,23.125,154.0,48.125,1566.1899441340781,1593.1944159227317,30.251396648044693,37.5293553630552,85.64804469273743,99.52324901736311
Rice_stair2_187,0.6400000,0.762,12,19,307,1970.00,223.0,160.000,161.0,320.000,440.0,1747.0,88.68020304568527,1.0,0.625,120.0,37.5,1566.1899441340781,1593.1944159227317,30.251396648044693,37.5293553630552,85.64804469273743,99.52324901736311
Rice_stair2_188,0.6400000,0.917,12,19,307,1970.00,504.0,160.000,217.0,320.000,483.0,1466.0,74.41624365482234,57.0,35.625,163.0,50.9375,1566.1899441340781,1593.1944159227317,30.251396648044693,37.5293553630552,85.64804469273743,99.52324901736311
Rice_stair2_189,0.6400000,0.782,12,19,307,1970.00,54.0,160.000,164.0,320.000,454.0,1916.0,97.25888324873097,4.0,2.5,134.0,41.875,1566.1899441340781,1593.1944159227317,30.251396648044693,37.5293553630552,85.64804469273743,99.52324901736311
Rice_stair2_190,0.6400000,0.9059999999999999,12,19,307,1970.00,246.0,160.000,214.0,320.000,478.0,1724.0,87.51269035532995,54.0,33.75,158.0,49.375,1566.1899441340781,1593.1944159227317,30.251396648044693,37.5293553630552,85.64804469273743,99.52324901736311
Rice_stair2_191,0.6400000,0.519,12,19,307,1970.00,204.0,160.000,148.0,320.000,223.0,1766.0,89.64467005076142,12.0,7.5,97.0,30.3125,1566.1899441340781,1593.1944159227317,30.251396648044693,37.5293553630552,85.64804469273743,99.52324901736311
Rice_stair2_192,0.6400000,0.7869999999999999,12,19,307,1970.00,595.0,160.000,189.0,320.000,409.0,1375.0,69.79695431472081,29.0,18.125,89.0,27.8125,1566.1899441340781,1593.1944159227317,30.251396648044693,37.5293553630552,85.64804469273743,99.52324901736311
Rice_stair2_193,0.6400000,0.573,12,19,307,1970.00,85.0,160.000,182.0,320.000,209.0,1885.0,95.68527918781726,22.0,13.75,111.0,34.6875,1566.1899441340781,1593.1944159227317,30.251396648044693,37.5293553630552,85.64804469273743,99.52324901736311
Rice_stair2_194,0.6400000,0.9530000000000001,12,19,307,1970.00,344.0,160.000,233.0,320.000,487.0,1626.0,82.53807106598985,73.0,45.625,167.0,52.1875,1566.1899441340781,1593.1944159227317,30.251396648044693,37.5293553630552,85.64804469273743,99.52324901736311
Rice_stair2_195,0.6400000,0.7410000000000001,12,19,307,1970.00,109.0,160.000,203.0,320.000,335.0,1861.0,94.46700507614213,43.0,26.875,15.0,4.6875,1566.1899441340781,1593.1944159227317,30.251396648044693,37.5293553630552,85.64804469273743,99.52324901736311
Rice_stair2_196,0.6400000,0.6519999999999999,12,19,307,1970.00,349.0,160.000,172.0,320.000,308.0,1621.0,82.28426395939087,12.0,7.5,12.0,3.75,1566.1899441340781,1593.1944159227317,30.251396648044693,37.5293553630552,85.64804469273743,99.52324901736311
Rice_stair2_197,0.6400000,0.818,12,19,307,1970.00,171.0,160.000,204.0,320.000,410.0,1799.0,91.31979695431473,44.0,27.5,90.0,28.125,1566.1899441340781,1593.1944159227317,30.251396648044693,37.5293553630552,85.64804469273743,99.52324901736311
Rice_stair2_198,0.6400000,0.865,12,19,307,1970.00,218.0,160.000,228.0,320.000,409.0,1752.0,88.93401015228426,68.0,42.5,89.0,27.8125,1566.1899441340781,1593.1944159227317,30.251396648044693,37.5293553630552,85.64804469273743,99.52324901736311
Rice_stair2_199,0.6400000,0.726,12,19,307,1970.00,771.0,160.000,206.0,320.000,314.0,1199.0,60.86294416243655,46.0,28.75,6.0,1.875,1566.1899441340781,1593.1944159227317,30.251396648044693,37.5293553630552,85.64804469273743,99.52324901736311
Rice_stair2_200,0.6400000,0.593,12,19,307,1970.00,374.0,160.000,131.0,320.000,331.0,1596.0,81.01522842639594,29.0,18.125,11.0,3.4375,1566.1899441340781,1593.1944159227317,30.251396648044693,37.5293553630552,85.64804469273743,99.52324901736311
Rice_stair2_201,0.6400000,0.7949999999999999,12,19,307,1970.00,168.0,160.000,220.0,320.000,355.0,1802.0,91.47208121827411,60.0,37.5,35.0,10.9375,1566.1899441340781,1593.1944159227317,30.251396648044693,37.5293553630552,85.64804469273743,99.52324901736311
Rice_stair2_202,0.6400000,0.907,12,19,307,1970.00,364.0,160.000,220.0,320.000,467.0,1606.0,81.5228426395939,60.0,37.5,147.0,45.9375,1566.1899441340781,1593.1944159227317,30.251396648044693,37.5293553630552,85.64804469273743,99.52324901736311
Rice_stair2_203,0.6400000,0.959,12,19,307,1970.00,185.0,160.000,236.0,320.000,487.0,1785.0,90.60913705583756,76.0,47.5,167.0,52.1875,1566.1899441340781,1593.1944159227317,30.251396648044693,37.5293553630552,85.64804469273743,99.52324901736311
Rice_stair2_204,0.6400000,0.715,12,12,114,1970.00,764.0,160.000,237.0,320.000,241.0,1206.0,61.21827411167513,77.0,48.125,79.0,24.6875,1566.1899441340781,1593.1944159227317,30.251396648044693,37.5293553630552,85.64804469273743,99.52324901736311
Rice_stair2_205,0.6400000,0.842,12,12,114,1970.00,606.0,160.000,186.0,320.000,470.0,1364.0,69.23857868020305,26.0,16.25,150.0,46.875,1566.1899441340781,1593.1944159227317,30.251396648044693,37.5293553630552,85.64804469273743,99.52324901736311
Rice_stair2_206,0.6400000,0.588,12,12,114,1970.00,217.0,160.000,151.0,320.000,286.0,1753.0,88.98477157360406,9.0,5.625,34.0,10.625,1566.1899441340781,1593.1944159227317,30.251396648044693,37.5293553630552,85.64804469273743,99.52324901736311
Rice_stair2_207,0.6400000,0.334,12,12,114,1970.00,220.0,160.000,114.0,320.000,106.0,1750.0,88.83248730964468,46.0,28.75,214.0,66.875,1566.1899441340781,1593.1944159227317,30.251396648044693,37.5293553630552,85.64804469273743,99.52324901736311
Rice_stair2_208,0.6400000,0.579,12,23,121,1970.00,372.0,160.000,156.0,320.000,267.0,1598.0,81.11675126903553,4.0,2.5,53.0,16.5625,1566.1899441340781,1593.1944159227317,30.251396648044693,37.5293553630552,85.64804469273743,99.52324901736311
Rice_stair2_209,0.6400000,0.8500000000000001,12,23,121,1970.00,283.0,160.000,224.0,320.000,402.0,1687.0,85.63451776649747,64.0,40.0,82.0,25.625,1566.1899441340781,1593.1944159227317,30.251396648044693,37.5293553630552,85.64804469273743,99.52324901736311
Rice_stair2_210,0.6400000,0.626,12,23,121,1970.00,270.0,160.000,184.0,320.000,258.0,1700.0,86.29441624365482,24.0,15.0,62.0,19.375,1566.1899441340781,1593.1944159227317,30.251396648044693,37.5293553630552,85.64804469273743,99.52324901736311
Rice_stair2_211,0.6400000,0.652,12,23,121,1970.00,174.0,160.000,226.0,320.000,200.0,1796.0,91.16751269035532,66.0,41.25,120.0,37.5,1566.1899441340781,1593.1944159227317,30.251396648044693,37.5293553630552,85.64804469273743,99.52324901736311
Rice_stair2_212,0.6400000,0.887,12,23,121,1970.00,168.0,160.000,225.0,320.000,437.0,1802.0,91.47208121827411,65.0,40.625,117.0,36.5625,1566.1899441340781,1593.1944159227317,30.251396648044693,37.5293553630552,85.64804469273743,99.52324901736311
Rice_stair2_213,0.6400000,0.506,12,23,121,1970.00,179.0,160.000,158.0,320.000,190.0,1791.0,90.91370558375634,2.0,1.25,130.0,40.625,1566.1899441340781,1593.1944159227317,30.251396648044693,37.5293553630552,85.64804469273743,99.52324901736311
Rice_stair2_214,0.6400000,0.8240000000000001,12,16,108,1970.00,919.0,160.000,183.0,320.000,458.0,1051.0,53.3502538071066,23.0,14.375,138.0,43.125,1566.1899441340781,1593.1944159227317,30.251396648044693,37.5293553630552,85.64804469273743,99.52324901736311
Rice_stair2_215,0.6400000,0.664,12,16,108,1970.00,119.0,160.000,218.0,320.000,228.0,1851.0,93.95939086294416,58.0,36.25,92.0,28.75,1566.1899441340781,1593.1944159227317,30.251396648044693,37.5293553630552,85.64804469273743,99.52324901736311
Rice_stair2_216,0.6400000,0.5409999999999999,12,16,108,1970.00,154.0,160.000,147.0,320.000,247.0,1816.0,92.18274111675127,13.0,8.125,73.0,22.8125,1566.1899441340781,1593.1944159227317,30.251396648044693,37.5293553630552,85.64804469273743,99.52324901736311
Rice_stair2_217,0.6400000,0.631,12,16,108,1970.00,133.0,160.000,135.0,320.000,361.0,1837.0,93.248730964467,25.0,15.625,41.0,12.8125,1566.1899441340781,1593.1944159227317,30.251396648044693,37.5293553630552,85.64804469273743,99.52324901736311
Rice_stair2_218,0.6400000,0.745,12,8,207,1970.00,126.0,160.000,194.0,320.000,357.0,1844.0,93.60406091370558,34.0,21.25,37.0,11.5625,1566.1899441340781,1593.1944159227317,30.251396648044693,37.5293553630552,85.64804469273743,99.52324901736311
Rice_stair2_219,0.6400000,0.583,12,8,207,1970.00,233.0,160.000,200.0,320.000,183.0,1737.0,88.1725888324873,40.0,25.0,137.0,42.8125,1566.1899441340781,1593.1944159227317,30.251396648044693,37.5293553630552,85.64804469273743,99.52324901736311
Rice_stair2_220,0.6400000,0.774,12,8,207,1970.00,335.0,160.000,188.0,320.000,398.0,1635.0,82.99492385786802,28.0,17.5,78.0,24.375,1566.1899441340781,1593.1944159227317,30.251396648044693,37.5293553630552,85.64804469273743,99.52324901736311
Rice_stair2_221,0.6400000,0.589,12,8,207,1970.00,260.0,160.000,161.0,320.000,267.0,1710.0,86.80203045685279,1.0,0.625,53.0,16.5625,1566.1899441340781,1593.1944159227317,30.251396648044693,37.5293553630552,85.64804469273743,99.52324901736311
Rice_stair2_222,0.6400000,0.527,12,8,207,1970.00,430.0,160.000,165.0,320.000,197.0,1540.0,78.1725888324873,5.0,3.125,123.0,38.4375,1566.1899441340781,1593.1944159227317,30.251396648044693,37.5293553630552,85.64804469273743,99.52324901736311
Rice_stair2_223,0.6400000,0.5760000000000001,12,8,207,1970.00,203.0,160.000,194.0,320.000,188.0,1767.0,89.69543147208122,34.0,21.25,132.0,41.25,1566.1899441340781,1593.1944159227317,30.251396648044693,37.5293553630552,85.64804469273743,99.52324901736311
Rice_stair2_224,0.6400000,0.746,12,8,207,1970.00,484.0,160.000,187.0,320.000,372.0,1486.0,75.43147208121827,27.0,16.875,52.0,16.25,1566.1899441340781,1593.1944159227317,30.251396648044693,37.5293553630552,85.64804469273743,99.52324901736311
Rice_stair2_225,0.6400000,0.614,12,8,207,1970.00,179.0,160.000,153.0,320.000,308.0,1791.0,90.91370558375634,7.0,4.375,12.0,3.75,1566.1899441340781,1593.1944159227317,30.251396648044693,37.5293553630552,85.64804469273743,99.52324901736311
Rice_stair2_226,0.6400000,0.7929999999999999,12,8,207,1970.00,305.0,160.000,177.0,320.000,439.0,1665.0,84.51776649746193,17.0,10.625,119.0,37.1875,1566.1899441340781,1593.1944159227317,30.251396648044693,37.5293553630552,85.64804469273743,99.52324901736311
Rice_stair2_227,0.6400000,0.745,12,8,207,1970.00,170.0,160.000,194.0,320.000,357.0,1800.0,91.37055837563452,34.0,21.25,37.0,11.5625,1566.1899441340781,1593.1944159227317,30.251396648044693,37.5293553630552,85.64804469273743,99.52324901736311
Rice_stair2_228,0.6400000,0.583,12,8,207,1970.00,233.0,160.000,200.0,320.000,183.0,1737.0,88.1725888324873,40.0,25.0,137.0,42.8125,1566.1899441340781,1593.1944159227317,30.251396648044693,37.5293553630552,85.64804469273743,99.52324901736311
Rice_stair2_229,0.6400000,0.774,12,8,207,1970.00,477.0,160.000,188.0,320.000,398.0,1493.0,75.78680203045685,28.0,17.5,78.0,24.375,1566.1899441340781,1593.1944159227317,30.251396648044693,37.5293553630552,85.64804469273743,99.52324901736311
Rice_stair2_230,0.6400000,0.589,12,8,207,1970.00,554.0,160.000,161.0,320.000,267.0,1416.0,71.87817258883248,1.0,0.625,53.0,16.5625,1566.1899441340781,1593.1944159227317,30.251396648044693,37.5293553630552,85.64804469273743,99.52324901736311
Rice_stair2_231,0.6400000,0.527,12,8,207,1970.00,430.0,160.000,165.0,320.000,197.0,1540.0,78.1725888324873,5.0,3.125,123.0,38.4375,1566.1899441340781,1593.1944159227317,30.251396648044693,37.5293553630552,85.64804469273743,99.52324901736311
Rice_stair2_232,0.6400000,0.5760000000000001,12,8,207,1970.00,203.0,160.000,194.0,320.000,188.0,1767.0,89.69543147208122,34.0,21.25,132.0,41.25,1566.1899441340781,1593.1944159227317,30.251396648044693,37.5293553630552,85.64804469273743,99.52324901736311
Rice_stair2_233,0.6400000,0.746,12,8,207,1970.00,484.0,160.000,187.0,320.000,372.0,1486.0,75.43147208121827,27.0,16.875,52.0,16.25,1566.1899441340781,1593.1944159227317,30.251396648044693,37.5293553630552,85.64804469273743,99.52324901736311
Rice_stair2_234,0.6400000,0.614,12,8,207,1970.00,179.0,160.000,153.0,320.000,308.0,1791.0,90.91370558375634,7.0,4.375,12.0,3.75,1566.1899441340781,1593.1944159227317,30.251396648044693,37.5293553630552,85.64804469273743,99.52324901736311
Rice_stair2_235,0.6400000,0.7929999999999999,12,8,207,1970.00,411.0,160.000,177.0,320.000,439.0,1559.0,79.13705583756345,17.0,10.625,119.0,37.1875,1566.1899441340781,1593.1944159227317,30.251396648044693,37.5293553630552,85.64804469273743,99.52324901736311
Rice_stair2_236,0.6400000,0.5429999999999999,12,19,145,1970.00,920.0,160.000,125.0,320.000,293.0,1050.0,53.2994923857868,35.0,21.875,27.0,8.4375,1566.1899441340781,1593.1944159227317,30.251396648044693,37.5293553630552,85.64804469273743,99.52324901736311
Rice_stair2_237,0.6400000,0.8140000000000001,12,19,145,1970.00,430.0,160.000,175.0,320.000,464.0,1540.0,78.1725888324873,15.0,9.375,144.0,45.0,1566.1899441340781,1593.1944159227317,30.251396648044693,37.5293553630552,85.64804469273743,99.52324901736311
Rice_stair2_238,0.6400000,0.557,12,19,145,1970.00,445.0,160.000,169.0,320.000,219.0,1525.0,77.41116751269035,9.0,5.625,101.0,31.5625,1566.1899441340781,1593.1944159227317,30.251396648044693,37.5293553630552,85.64804469273743,99.52324901736311
Rice_stair2_239,0.6400000,0.885,12,19,145,1970.00,272.0,160.000,224.0,320.000,437.0,1698.0,86.19289340101523,64.0,40.0,117.0,36.5625,1566.1899441340781,1593.1944159227317,30.251396648044693,37.5293553630552,85.64804469273743,99.52324901736311
Rice_stair2_240,0.6400000,0.6080000000000001,12,19,145,1970.00,466.0,160.000,169.0,320.000,270.0,1504.0,76.34517766497461,9.0,5.625,50.0,15.625,1566.1899441340781,1593.1944159227317,30.251396648044693,37.5293553630552,85.64804469273743,99.52324901736311
Rice_stair2_241,0.6400000,0.41,12,19,145,1970.00,140.0,160.000,141.0,320.000,128.0,1830.0,92.89340101522842,19.0,11.875,192.0,60.0,1566.1899441340781,1593.1944159227317,30.251396648044693,37.5293553630552,85.64804469273743,99.52324901736311
Rice_stair2_242,0.6400000,0.647,12,19,145,1970.00,1102.0,160.000,164.0,320.000,319.0,868.0,44.06091370558376,4.0,2.5,1.0,0.3125,1566.1899441340781,1593.1944159227317,30.251396648044693,37.5293553630552,85.64804469273743,99.52324901736311
Rice_stair2_243,0.6400000,0.7669999999999999,12,19,145,1970.00,410.0,160.000,242.0,320.000,283.0,1560.0,79.18781725888324,82.0,51.25,37.0,11.5625,1566.1899441340781,1593.1944159227317,30.251396648044693,37.5293553630552,85.64804469273743,99.52324901736311
Rice_stair2_244,0.6400000,0.7170000000000001,12,19,145,1970.00,625.0,160.000,165.0,320.000,387.0,1345.0,68.2741116751269,5.0,3.125,67.0,20.9375,1566.1899441340781,1593.1944159227317,30.251396648044693,37.5293553630552,85.64804469273743,99.52324901736311
Rice_stair2_245,0.6400000,0.835,12,7,139,1970.00,346.0,160.000,237.0,320.000,361.0,1624.0,82.43654822335026,77.0,48.125,41.0,12.8125,1566.1899441340781,1593.1944159227317,30.251396648044693,37.5293553630552,85.64804469273743,99.52324901736311
Rice_stair2_246,0.6400000,0.698,12,7,139,1970.00,88.0,160.000,158.0,320.000,382.0,1882.0,95.53299492385787,2.0,1.25,62.0,19.375,1566.1899441340781,1593.1944159227317,30.251396648044693,37.5293553630552,85.64804469273743,99.52324901736311
Rice_stair2_247,0.6400000,0.5800000000000001,12,7,139,1970.00,98.0,160.000,136.0,320.000,308.0,1872.0,95.0253807106599,24.0,15.0,12.0,3.75,1566.1899441340781,1593.1944159227317,30.251396648044693,37.5293553630552,85.64804469273743,99.52324901736311
Rice_stair2_248,0.6400000,0.518,12,7,139,1970.00,209.0,160.000,168.0,320.000,182.0,1761.0,89.39086294416244,8.0,5.0,138.0,43.125,1566.1899441340781,1593.1944159227317,30.251396648044693,37.5293553630552,85.64804469273743,99.52324901736311
Rice_stair2_249,0.6400000,0.6890000000000001,12,8,131,1970.00,472.0,160.000,225.0,320.000,239.0,1498.0,76.04060913705584,65.0,40.625,81.0,25.3125,1566.1899441340781,1593.1944159227317,30.251396648044693,37.5293553630552,85.64804469273743,99.52324901736311
Rice_stair2_250,0.6400000,0.8029999999999999,12,8,131,1970.00,360.0,160.000,208.0,320.000,387.0,1610.0,81.7258883248731,48.0,30.0,67.0,20.9375,1566.1899441340781,1593.1944159227317,30.251396648044693,37.5293553630552,85.64804469273743,99.52324901736311
Rice_stair2_251,0.6400000,0.517,12,8,131,1970.00,167.0,160.000,165.0,320.000,187.0,1803.0,91.5228426395939,5.0,3.125,133.0,41.5625,1566.1899441340781,1593.1944159227317,30.251396648044693,37.5293553630552,85.64804469273743,99.52324901736311
Rice_stair2_252,0.6400000,0.596,12,8,131,1970.00,362.0,160.000,153.0,320.000,290.0,1608.0,81.6243654822335,7.0,4.375,30.0,9.375,1566.1899441340781,1593.1944159227317,30.251396648044693,37.5293553630552,85.64804469273743,99.52324901736311
Vesuvio_stair_valid_491,0.6500000,0.777,10,20,19,1100.00,816.0,160.000,271.0,330.000,235.0,284.0,25.818181818181817,111.0,69.375,95.0,28.78787878787879,217.7,394.91074941054717,64.0,70.13558298039591,99.8,106.51384886483072
Vesuvio_stair_valid_492,0.6500000,0.616,10,20,19,1100.00,1117.0,160.000,207.0,330.000,202.0,17.0,1.5454545454545454,47.0,29.375,128.0,38.78787878787879,217.7,394.91074941054717,64.0,70.13558298039591,99.8,106.51384886483072
Vesuvio_stair_valid_493,0.6500000,0.644,10,24,17,1100.00,1119.0,160.000,226.0,330.000,192.0,19.0,1.7272727272727273,66.0,41.25,138.0,41.81818181818182,217.7,394.91074941054717,64.0,70.13558298039591,99.8,106.51384886483072
Vesuvio_stair_valid_494,0.6500000,0.645,10,24,17,1100.00,299.0,160.000,188.0,330.000,269.0,801.0,72.81818181818181,28.0,17.5,61.0,18.484848484848484,217.7,394.91074941054717,64.0,70.13558298039591,99.8,106.51384886483072
Vesuvio_stair_valid_495,0.6500000,0.744,10,20,30,1100.00,1102.0,160.000,241.0,330.000,262.0,2.0,0.18181818181818182,81.0,50.625,68.0,20.606060606060606,217.7,394.91074941054717,64.0,70.13558298039591,99.8,106.51384886483072
Vesuvio_stair_valid_496,0.6500000,0.751,10,20,30,1100.00,1058.0,160.000,262.0,330.000,227.0,42.0,3.8181818181818183,102.0,63.75,103.0,31.21212121212121,217.7,394.91074941054717,64.0,70.13558298039591,99.8,106.51384886483072
Vesuvio_stair_valid_497,0.6500000,0.6920000000000001,10,19,25,1100.00,1179.0,160.000,232.0,330.000,228.0,79.0,7.181818181818182,72.0,45.0,102.0,30.90909090909091,217.7,394.91074941054717,64.0,70.13558298039591,99.8,106.51384886483072
Vesuvio_stair_valid_498,0.6500000,0.641,10,19,25,1100.00,1100.0,160.000,221.0,330.000,199.0,0.0,0.0,61.0,38.125,131.0,39.696969696969695,217.7,394.91074941054717,64.0,70.13558298039591,99.8,106.51384886483072
Vesuvio_stair_valid_499,0.6500000,0.62,10,25,19,1100.00,1123.0,160.000,219.0,330.000,182.0,23.0,2.090909090909091,59.0,36.875,148.0,44.84848484848485,217.7,394.91074941054717,64.0,70.13558298039591,99.8,106.51384886483072
Vesuvio_stair_valid_500,0.6500000,0.6,10,25,19,1100.00,190.0,160.000,147.0,330.000,306.0,910.0,82.72727272727273,13.0,8.125,24.0,7.2727272727272725,217.7,394.91074941054717,64.0,70.13558298039591,99.8,106.51384886483072
vesuvio_outdoor_from_above_1_591,1.0700000,0.511,-1,10,107,1510.00,111.0,156.000,149.0,758.000,213.0,1399.0,92.64900662251655,7.0,4.487179487179487,545.0,71.89973614775725,1190.3214285714287,1206.7992938820796,34.75,41.87012231719825,414.25,424.86573509420936
vesuvio_outdoor_from_above_1_592,1.0700000,0.878,-1,10,107,1510.00,142.0,156.000,218.0,758.000,442.0,1368.0,90.59602649006622,62.0,39.743589743589745,316.0,41.68865435356201,1190.3214285714287,1206.7992938820796,34.75,41.87012231719825,414.25,424.86573509420936
vesuvio_outdoor_from_above_1_593,1.0700000,0.618,-1,10,107,1510.00,185.0,156.000,200.0,758.000,218.0,1325.0,87.74834437086092,44.0,28.205128205128204,540.0,71.2401055408971,1190.3214285714287,1206.7992938820796,34.75,41.87012231719825,414.25,424.86573509420936
vesuvio_outdoor_from_above_1_594,1.0700000,0.726,-1,10,119,1510.00,400.0,156.000,210.0,758.000,306.0,1110.0,73.50993377483444,54.0,34.61538461538461,452.0,59.63060686015831,1190.3214285714287,1206.7992938820796,34.75,41.87012231719825,414.25,424.86573509420936
vesuvio_outdoor_from_above_1_595,1.0700000,0.585,-1,7,99,1510.00,315.0,156.000,136.0,758.000,313.0,1195.0,79.13907284768212,20.0,12.820512820512821,445.0,58.70712401055409,1190.3214285714287,1206.7992938820796,34.75,41.87012231719825,414.25,424.86573509420936
vesuvio_outdoor_from_above_1_596,1.0700000,0.67,-1,11,88,1510.00,669.0,156.000,196.0,758.000,278.0,841.0,55.6953642384106,40.0,25.641025641025642,480.0,63.324538258575195,1190.3214285714287,1206.7992938820796,34.75,41.87012231719825,414.25,424.86573509420936
vesuvio_outdoor_from_above_1_597,1.0700000,0.8580000000000001,-1,5,111,1510.00,186.0,156.000,203.0,758.000,452.0,1324.0,87.68211920529801,47.0,30.128205128205128,306.0,40.36939313984169,1190.3214285714287,1206.7992938820796,34.75,41.87012231719825,414.25,424.86573509420936
vesuvio_outdoor_from_above_1_598,1.0700000,0.786,-1,10,97,1510.00,279.0,156.000,176.0,758.000,434.0,1231.0,81.52317880794702,20.0,12.820512820512821,324.0,42.74406332453826,1190.3214285714287,1206.7992938820796,34.75,41.87012231719825,414.25,424.86573509420936
vesuvio_outdoor_from_above_1_599,1.0700000,0.768,-1,11,92,1510.00,209.0,156.000,176.0,758.000,416.0,1301.0,86.15894039735099,20.0,12.820512820512821,342.0,45.11873350923483,1190.3214285714287,1206.7992938820796,34.75,41.87012231719825,414.25,424.86573509420936
vesuvio_outdoor_from_above_1_600,1.0700000,0.813,-1,6,95,1510.00,220.0,156.000,178.0,758.000,457.0,1290.0,85.43046357615894,22.0,14.102564102564102,301.0,39.70976253298153,1190.3214285714287,1206.7992938820796,34.75,41.87012231719825,414.25,424.86573509420936
vesuvio_outdoor_from_above_1_601,1.0700000,0.504,-1,6,89,1510.00,470.0,156.000,124.0,758.000,256.0,1040.0,68.87417218543047,32.0,20.512820512820515,502.0,66.2269129287599,1190.3214285714287,1206.7992938820796,34.75,41.87012231719825,414.25,424.86573509420936
vesuvio_outdoor_from_above_1_602,1.0700000,0.878,-1,6,98,1510.00,270.0,156.000,205.0,758.000,468.0,1240.0,82.11920529801324,49.0,31.41025641025641,290.0,38.25857519788918,1190.3214285714287,1206.7992938820796,34.75,41.87012231719825,414.25,424.86573509420936
vesuvio_outdoor_from_above_1_603,1.0700000,0.431,-1,6,98,1510.00,271.0,156.000,118.0,758.000,195.0,1239.0,82.05298013245033,38.0,24.358974358974358,563.0,74.27440633245382,1190.3214285714287,1206.7992938820796,34.75,41.87012231719825,414.25,424.86573509420936
vesuvio_outdoor_from_above_1_604,1.0700000,0.641,-1,7,99,1510.00,530.0,156.000,155.0,758.000,331.0,980.0,64.90066225165563,1.0,0.6410256410256411,427.0,56.33245382585752,1190.3214285714287,1206.7992938820796,34.75,41.87012231719825,414.25,424.86573509420936
vesuvio_outdoor_from_above_1_605,1.0700000,0.851,-1,7,99,1510.00,346.0,156.000,227.0,758.000,397.0,1164.0,77.08609271523179,71.0,45.51282051282051,361.0,47.62532981530343,1190.3214285714287,1206.7992938820796,34.75,41.87012231719825,414.25,424.86573509420936
vesuvio_outdoor_from_above_1_606,1.0700000,0.445,-1,4,88,1510.00,321.0,156.000,100.0,758.000,245.0,1189.0,78.74172185430463,56.0,35.8974358974359,513.0,67.67810026385224,1190.3214285714287,1206.7992938820796,34.75,41.87012231719825,414.25,424.86573509420936
vesuvio_outdoor_from_above_1_607,1.0700000,0.646,-1,4,88,1510.00,632.0,156.000,227.0,758.000,192.0,878.0,58.145695364238414,71.0,45.51282051282051,566.0,74.67018469656992,1190.3214285714287,1206.7992938820796,34.75,41.87012231719825,414.25,424.86573509420936
vesuvio_outdoor_from_above_1_608,1.0700000,0.76,-1,3,96,1510.00,117.0,156.000,159.0,758.000,442.0,1393.0,92.25165562913908,3.0,1.9230769230769231,316.0,41.68865435356201,1190.3214285714287,1206.7992938820796,34.75,41.87012231719825,414.25,424.86573509420936
vesuvio_outdoor_from_above_1_609,1.0700000,0.745,-1,3,96,1510.00,495.0,156.000,160.0,758.000,425.0,1015.0,67.21854304635761,4.0,2.5641025641025643,333.0,43.931398416886545,1190.3214285714287,1206.7992938820796,34.75,41.87012231719825,414.25,424.86573509420936
vesuvio_outdoor_from_above_1_610,1.0700000,0.5449999999999999,-1,3,96,1510.00,174.0,156.000,142.0,758.000,261.0,1336.0,88.47682119205298,14.0,8.974358974358974,497.0,65.56728232189974,1190.3214285714287,1206.7992938820796,34.75,41.87012231719825,414.25,424.86573509420936
vesuvio_outdoor_from_above_1_611,1.0700000,0.844,-1,3,96,1510.00,109.0,156.000,217.0,758.000,410.0,1401.0,92.78145695364239,61.0,39.1025641025641,348.0,45.91029023746702,1190.3214285714287,1206.7992938820796,34.75,41.87012231719825,414.25,424.86573509420936
vesuvio_outdoor_from_above_1_612,1.0700000,0.7110000000000001,-1,7,86,1510.00,168.0,156.000,156.0,758.000,399.0,1342.0,88.87417218543047,0.0,0.0,359.0,47.361477572559366,1190.3214285714287,1206.7992938820796,34.75,41.87012231719825,414.25,424.86573509420936
vesuvio_outdoor_from_above_1_613,1.0700000,0.5329999999999999,-1,7,86,1510.00,133.0,156.000,176.0,758.000,181.0,1377.0,91.19205298013244,20.0,12.820512820512821,577.0,76.12137203166228,1190.3214285714287,1206.7992938820796,34.75,41.87012231719825,414.25,424.86573509420936
vesuvio_outdoor_from_above_1_614,1.0700000,0.658,-1,6,94,1510.00,877.0,156.000,168.0,758.000,322.0,633.0,41.920529801324506,12.0,7.6923076923076925,436.0,57.519788918205805,1190.3214285714287,1206.7992938820796,34.75,41.87012231719825,414.25,424.86573509420936
vesuvio_outdoor_from_above_1_615,1.0700000,0.9319999999999999,-1,6,94,1510.00,250.0,156.000,228.0,758.000,476.0,1260.0,83.44370860927152,72.0,46.15384615384615,282.0,37.20316622691293,1190.3214285714287,1206.7992938820796,34.75,41.87012231719825,414.25,424.86573509420936
vesuvio_outdoor_from_above_1_616,1.0700000,0.741,-1,5,95,1510.00,649.0,156.000,195.0,758.000,351.0,861.0,57.019867549668874,39.0,25.0,407.0,53.693931398416886,1190.3214285714287,1206.7992938820796,34.75,41.87012231719825,414.25,424.86573509420936
vesuvio_outdoor_from_above_1_617,1.0700000,0.874,-1,6,93,1510.00,334.0,156.000,227.0,758.000,420.0,1176.0,77.88079470198676,71.0,45.51282051282051,338.0,44.5910290237467,1190.3214285714287,1206.7992938820796,34.75,41.87012231719825,414.25,424.86573509420936
vesuvio_outdoor_from_above_1_618,1.0700000,0.683,-1,8,79,1510.00,89.0,156.000,179.0,758.000,325.0,1421.0,94.10596026490066,23.0,14.743589743589743,433.0,57.12401055408971,1190.3214285714287,1206.7992938820796,34.75,41.87012231719825,414.25,424.86573509420936
vesuvio_outdoor_from_above_2_619,1.0690000,0.892,-1,1,189,1430.00,619.0,165.000,222.0,739.000,448.0,811.0,56.71328671328671,57.0,34.54545454545455,291.0,39.377537212449255,872.4235294117647,922.9087903439416,36.294117647058826,41.49372737854127,408.0705882352941,419.93321597886603
vesuvio_outdoor_from_above_2_620,1.0690000,0.5569999999999999,-1,1,189,1430.00,550.0,165.000,187.0,739.000,183.0,880.0,61.53846153846154,22.0,13.333333333333334,556.0,75.23680649526386,872.4235294117647,922.9087903439416,36.294117647058826,41.49372737854127,408.0705882352941,419.93321597886603
vesuvio_outdoor_from_above_2_621,1.0690000,0.557,-1,1,189,1430.00,248.0,165.000,168.0,739.000,221.0,1182.0,82.65734265734265,3.0,1.8181818181818181,518.0,70.09472259810555,872.4235294117647,922.9087903439416,36.294117647058826,41.49372737854127,408.0705882352941,419.93321597886603
vesuvio_outdoor_from_above_2_622,1.0690000,0.7050000000000001,-1,3,198,1430.00,461.0,165.000,222.0,739.000,261.0,969.0,67.76223776223776,57.0,34.54545454545455,478.0,64.68200270635995,872.4235294117647,922.9087903439416,36.294117647058826,41.49372737854127,408.0705882352941,419.93321597886603
vesuvio_outdoor_from_above_2_623,1.0690000,0.8029999999999999,-1,3,198,1430.00,114.0,165.000,184.0,739.000,435.0,1316.0,92.02797202797203,19.0,11.515151515151516,304.0,41.13667117726658,872.4235294117647,922.9087903439416,36.294117647058826,41.49372737854127,408.0705882352941,419.93321597886603
vesuvio_outdoor_from_above_2_624,1.0690000,0.829,-1,3,198,1430.00,204.0,165.000,192.0,739.000,445.0,1226.0,85.73426573426573,27.0,16.363636363636363,294.0,39.783491204330176,872.4235294117647,922.9087903439416,36.294117647058826,41.49372737854127,408.0705882352941,419.93321597886603
vesuvio_outdoor_from_above_2_625,1.0690000,0.6950000000000001,-1,3,198,1430.00,133.0,165.000,170.0,739.000,355.0,1297.0,90.6993006993007,5.0,3.0303030303030303,384.0,51.962110960757784,872.4235294117647,922.9087903439416,36.294117647058826,41.49372737854127,408.0705882352941,419.93321597886603
vesuvio_outdoor_from_above_2_626,1.0690000,0.64,-1,3,198,1430.00,548.0,165.000,220.0,739.000,200.0,882.0,61.67832167832168,55.0,33.333333333333336,539.0,72.936400541272,872.4235294117647,922.9087903439416,36.294117647058826,41.49372737854127,408.0705882352941,419.93321597886603
vesuvio_outdoor_from_above_2_627,1.0690000,0.757,-1,3,198,1430.00,433.0,165.000,208.0,739.000,341.0,997.0,69.72027972027972,43.0,26.060606060606062,398.0,53.85656292286874,872.4235294117647,922.9087903439416,36.294117647058826,41.49372737854127,408.0705882352941,419.93321597886603
vesuvio_outdoor_from_above_2_628,1.0690000,0.6970000000000001,-1,0,209,1430.00,644.0,165.000,202.0,739.000,293.0,786.0,54.96503496503497,37.0,22.424242424242426,446.0,60.351826792963465,872.4235294117647,922.9087903439416,36.294117647058826,41.49372737854127,408.0705882352941,419.93321597886603
vesuvio_outdoor_from_above_2_629,1.0690000,0.898,-1,0,209,1430.00,839.0,165.000,223.0,739.000,452.0,591.0,41.32867132867133,58.0,35.15151515151515,287.0,38.836265223274694,872.4235294117647,922.9087903439416,36.294117647058826,41.49372737854127,408.0705882352941,419.93321597886603
vesuvio_outdoor_from_above_2_630,1.0690000,0.611,-1,0,209,1430.00,384.0,165.000,203.0,739.000,205.0,1046.0,73.14685314685315,38.0,23.03030303030303,534.0,72.25981055480379,872.4235294117647,922.9087903439416,36.294117647058826,41.49372737854127,408.0705882352941,419.93321597886603
vesuvio_outdoor_from_above_2_631,1.0690000,0.865,-1,0,224,1430.00,699.0,165.000,238.0,739.000,389.0,731.0,51.11888111888112,73.0,44.24242424242424,350.0,47.36129905277402,872.4235294117647,922.9087903439416,36.294117647058826,41.49372737854127,408.0705882352941,419.93321597886603
vesuvio_outdoor_from_above_2_632,1.0690000,0.961,-1,0,224,1430.00,641.0,165.000,245.0,739.000,471.0,789.0,55.17482517482517,80.0,48.484848484848484,268.0,36.265223274695536,872.4235294117647,922.9087903439416,36.294117647058826,41.49372737854127,408.0705882352941,419.93321597886603
vesuvio_outdoor_from_above_2_633,1.0690000,0.813,-1,0,224,1430.00,613.0,165.000,173.0,739.000,467.0,817.0,57.13286713286713,8.0,4.848484848484849,272.0,36.8064952638701,872.4235294117647,922.9087903439416,36.294117647058826,41.49372737854127,408.0705882352941,419.93321597886603
vesuvio_outdoor_from_above_2_634,1.0690000,0.849,-1,0,224,1430.00,627.0,165.000,211.0,739.000,427.0,803.0,56.15384615384615,46.0,27.87878787878788,312.0,42.2192151556157,872.4235294117647,922.9087903439416,36.294117647058826,41.49372737854127,408.0705882352941,419.93321597886603
vesuvio_outdoor_from_above_2_635,1.0690000,0.677,-1,0,224,1430.00,1467.0,165.000,221.0,739.000,235.0,37.0,2.5874125874125875,56.0,33.93939393939394,504.0,68.20027063599458,872.4235294117647,922.9087903439416,36.294117647058826,41.49372737854127,408.0705882352941,419.93321597886603
vesuvio_outdoor_from_above_2_636,1.0690000,0.921,-1,0,224,1430.00,466.0,165.000,211.0,739.000,499.0,964.0,67.41258741258741,46.0,27.87878787878788,240.0,32.47631935047362,872.4235294117647,922.9087903439416,36.294117647058826,41.49372737854127,408.0705882352941,419.93321597886603
vesuvio_outdoor_from_above_2_637,1.0690000,0.773,-1,0,203,1430.00,456.0,165.000,184.0,739.000,405.0,974.0,68.1118881118881,19.0,11.515151515151516,334.0,45.19621109607578,872.4235294117647,922.9087903439416,36.294117647058826,41.49372737854127,408.0705882352941,419.93321597886603
vesuvio_outdoor_from_above_2_638,1.0690000,0.5740000000000001,-1,0,203,1430.00,251.0,165.000,192.0,739.000,190.0,1179.0,82.44755244755245,27.0,16.363636363636363,549.0,74.2895805142084,872.4235294117647,922.9087903439416,36.294117647058826,41.49372737854127,408.0705882352941,419.93321597886603
vesuvio_outdoor_from_above_2_639,1.0690000,0.665,-1,1,207,1430.00,216.0,165.000,186.0,739.000,293.0,1214.0,84.8951048951049,21.0,12.727272727272727,446.0,60.351826792963465,872.4235294117647,922.9087903439416,36.294117647058826,41.49372737854127,408.0705882352941,419.93321597886603
vesuvio_outdoor_from_above_2_640,1.0690000,0.742,-1,1,207,1430.00,326.0,165.000,202.0,739.000,338.0,1104.0,77.2027972027972,37.0,22.424242424242426,401.0,54.26251691474966,872.4235294117647,922.9087903439416,36.294117647058826,41.49372737854127,408.0705882352941,419.93321597886603
vesuvio_outdoor_from_above_2_641,1.0690000,0.5660000000000001,-1,3,220,1430.00,919.0,165.000,186.0,739.000,194.0,511.0,35.73426573426573,21.0,12.727272727272727,545.0,73.74830852503383,872.4235294117647,922.9087903439416,36.294117647058826,41.49372737854127,408.0705882352941,419.93321597886603
vesuvio_outdoor_from_above_2_642,1.0690000,0.773,-1,3,220,1430.00,597.0,165.000,187.0,739.000,399.0,833.0,58.25174825174825,22.0,13.333333333333334,340.0,46.00811907983762,872.4235294117647,922.9087903439416,36.294117647058826,41.49372737854127,408.0705882352941,419.93321597886603
vesuvio_outdoor_from_above_2_643,1.0690000,0.5840000000000001,-1,3,220,1430.00,790.0,165.000,192.0,739.000,200.0,640.0,44.75524475524475,27.0,16.363636363636363,539.0,72.936400541272,872.4235294117647,922.9087903439416,36.294117647058826,41.49372737854127,408.0705882352941,419.93321597886603
vesuvio_outdoor_from_above_2_644,1.0690000,0.53,-1,1,180,1430.00,718.0,165.000,172.0,739.000,186.0,712.0,49.79020979020979,7.0,4.242424242424242,553.0,74.83085250338296,872.4235294117647,922.9087903439416,36.294117647058826,41.49372737854127,408.0705882352941,419.93321597886603
vesuvio_outdoor_from_above_2_645,1.0690000,0.764,-1,1,180,1430.00,1685.0,165.000,195.0,739.000,374.0,255.0,17.832167832167833,30.0,18.181818181818183,365.0,49.39106901217862,872.4235294117647,922.9087903439416,36.294117647058826,41.49372737854127,408.0705882352941,419.93321597886603
vesuvio_outdoor_from_above_2_646,1.0690000,0.8280000000000001,-1,1,238,1430.00,1491.0,165.000,218.0,739.000,392.0,61.0,4.265734265734266,53.0,32.121212121212125,347.0,46.9553450608931,872.4235294117647,922.9087903439416,36.294117647058826,41.49372737854127,408.0705882352941,419.93321597886603
vesuvio_outdoor_from_above_2_647,1.0690000,0.786,-1,0,198,1430.00,756.0,165.000,218.0,739.000,350.0,674.0,47.13286713286713,53.0,32.121212121212125,389.0,52.63870094722598,872.4235294117647,922.9087903439416,36.294117647058826,41.49372737854127,408.0705882352941,419.93321597886603
vesuvio_outdoor_from_above_2_648,1.0690000,0.8320000000000001,-1,0,198,1430.00,556.0,165.000,224.0,739.000,384.0,874.0,61.11888111888112,59.0,35.75757575757576,355.0,48.037889039242216,872.4235294117647,922.9087903439416,36.294117647058826,41.49372737854127,408.0705882352941,419.93321597886603
vesuvio_outdoor_from_above_2_649,1.0690000,0.5680000000000001,-1,0,198,1430.00,296.0,165.000,187.0,739.000,194.0,1134.0,79.3006993006993,22.0,13.333333333333334,545.0,73.74830852503383,872.4235294117647,922.9087903439416,36.294117647058826,41.49372737854127,408.0705882352941,419.93321597886603
vesuvio_outdoor_from_above_2_650,1.0690000,0.89,-1,4,236,1430.00,355.0,165.000,225.0,739.000,440.0,1075.0,75.17482517482517,60.0,36.36363636363637,299.0,40.46008119079838,872.4235294117647,922.9087903439416,36.294117647058826,41.49372737854127,408.0705882352941,419.93321597886603
vesuvio_outdoor_from_above_2_651,1.0690000,0.71,-1,4,236,1430.00,208.0,165.000,177.0,739.000,356.0,1222.0,85.45454545454545,12.0,7.2727272727272725,383.0,51.82679296346414,872.4235294117647,922.9087903439416,36.294117647058826,41.49372737854127,408.0705882352941,419.93321597886603
vesuvio_outdoor_from_above_2_652,1.0690000,0.843,-1,4,236,1430.00,91.0,165.000,202.0,739.000,439.0,1339.0,93.63636363636364,37.0,22.424242424242426,300.0,40.59539918809202,872.4235294117647,922.9087903439416,36.294117647058826,41.49372737854127,408.0705882352941,419.93321597886603
vesuvio_outdoor_from_above_2_653,1.0690000,0.779,-1,2,213,1430.00,932.0,165.000,218.0,739.000,343.0,498.0,34.82517482517483,53.0,32.121212121212125,396.0,53.58592692828146,872.4235294117647,922.9087903439416,36.294117647058826,41.49372737854127,408.0705882352941,419.93321597886603
vesuvio_outdoor_from_above_2_654,1.0690000,0.7889999999999999,-1,2,213,1430.00,691.0,165.000,211.0,739.000,367.0,739.0,51.67832167832168,46.0,27.87878787878788,372.0,50.3382949932341,872.4235294117647,922.9087903439416,36.294117647058826,41.49372737854127,408.0705882352941,419.93321597886603
vesuvio_outdoor_from_above_2_655,1.0690000,0.658,-1,2,213,1430.00,597.0,165.000,202.0,739.000,254.0,833.0,58.25174825174825,37.0,22.424242424242426,485.0,65.62922868741542,872.4235294117647,922.9087903439416,36.294117647058826,41.49372737854127,408.0705882352941,419.93321597886603
vesuvio_outdoor_from_above_2_656,1.0690000,0.8380000000000001,-1,2,213,1430.00,684.0,165.000,195.0,739.000,448.0,746.0,52.16783216783217,30.0,18.181818181818183,291.0,39.377537212449255,872.4235294117647,922.9087903439416,36.294117647058826,41.49372737854127,408.0705882352941,419.93321597886603
vesuvio_outdoor_from_above_2_657,1.0690000,0.7050000000000001,-1,2,173,1430.00,846.0,165.000,234.0,739.000,237.0,584.0,40.83916083916084,69.0,41.81818181818182,502.0,67.9296346414073,872.4235294117647,922.9087903439416,36.294117647058826,41.49372737854127,408.0705882352941,419.93321597886603
vesuvio_outdoor_from_above_2_658,1.0690000,0.861,-1,2,173,1430.00,958.0,165.000,224.0,739.000,413.0,472.0,33.00699300699301,59.0,35.75757575757576,326.0,44.113667117726656,872.4235294117647,922.9087903439416,36.294117647058826,41.49372737854127,408.0705882352941,419.93321597886603
vesuvio_outdoor_from_above_2_659,1.0690000,0.727,-1,3,202,1430.00,369.0,165.000,181.0,739.000,365.0,1061.0,74.1958041958042,16.0,9.696969696969697,374.0,50.60893098782138,872.4235294117647,922.9087903439416,36.294117647058826,41.49372737854127,408.0705882352941,419.93321597886603
vesuvio_outdoor_from_above_2_660,1.0690000,0.591,-1,3,202,1430.00,698.0,165.000,197.0,739.000,197.0,732.0,51.18881118881119,32.0,19.393939393939394,542.0,73.34235453315291,872.4235294117647,922.9087903439416,36.294117647058826,41.49372737854127,408.0705882352941,419.93321597886603
vesuvio_outdoor_from_above_2_661,1.0690000,0.8660000000000001,-1,3,202,1430.00,624.0,165.000,203.0,739.000,460.0,806.0,56.36363636363637,38.0,23.03030303030303,279.0,37.75372124492557,872.4235294117647,922.9087903439416,36.294117647058826,41.49372737854127,408.0705882352941,419.93321597886603
vesuvio_outdoor_from_above_2_662,1.0690000,0.651,-1,3,202,1430.00,407.0,165.000,204.0,739.000,243.0,1023.0,71.53846153846153,39.0,23.636363636363637,496.0,67.11772665764546,872.4235294117647,922.9087903439416,36.294117647058826,41.49372737854127,408.0705882352941,419.93321597886603
vesuvio_outdoor_from_above_2_663,1.0690000,0.8089999999999999,-1,3,202,1430.00,328.0,165.000,201.0,739.000,407.0,1102.0,77.06293706293707,36.0,21.818181818181817,332.0,44.9255751014885,872.4235294117647,922.9087903439416,36.294117647058826,41.49372737854127,408.0705882352941,419.93321597886603
vesuvio_outdoor_from_above_2_664,1.0690000,0.8300000000000001,-1,3,202,1430.00,1132.0,165.000,230.0,739.000,370.0,298.0,20.83916083916084,65.0,39.39393939393939,369.0,49.93234100135318,872.4235294117647,922.9087903439416,36.294117647058826,41.49372737854127,408.0705882352941,419.93321597886603
vesuvio_outdoor_from_above_2_665,1.0690000,0.7729999999999999,-1,3,202,1430.00,970.0,165.000,211.0,739.000,351.0,460.0,32.16783216783217,46.0,27.87878787878788,388.0,52.50338294993234,872.4235294117647,922.9087903439416,36.294117647058826,41.49372737854127,408.0705882352941,419.93321597886603
vesuvio_outdoor_from_above_2_666,1.0690000,0.843,-1,0,222,1430.00,793.0,165.000,190.0,739.000,463.0,637.0,44.54545454545455,25.0,15.151515151515152,276.0,37.34776725304466,872.4235294117647,922.9087903439416,36.294117647058826,41.49372737854127,408.0705882352941,419.93321597886603
vesuvio_outdoor_from_above_2_667,1.0690000,0.896,-1,0,222,1430.00,502.0,165.000,231.0,739.000,434.0,928.0,64.8951048951049,66.0,40.0,305.0,41.27198917456022,872.4235294117647,922.9087903439416,36.294117647058826,41.49372737854127,408.0705882352941,419.93321597886603
vesuvio_outdoor_from_above_2_668,1.0690000,0.747,-1,3,231,1430.00,433.0,165.000,206.0,739.000,335.0,997.0,69.72027972027972,41.0,24.848484848484848,404.0,54.66847090663058,872.4235294117647,922.9087903439416,36.294117647058826,41.49372737854127,408.0705882352941,419.93321597886603
vesuvio_outdoor_from_above_2_669,1.0690000,0.5549999999999999,-1,3,231,1430.00,595.0,165.000,177.0,739.000,201.0,835.0,58.39160839160839,12.0,7.2727272727272725,538.0,72.80108254397835,872.4235294117647,922.9087903439416,36.294117647058826,41.49372737854127,408.0705882352941,419.93321597886603
vesuvio_outdoor_from_above_2_670,1.0690000,0.5720000000000001,-1,3,231,1430.00,502.0,165.000,192.0,739.000,188.0,928.0,64.8951048951049,27.0,16.363636363636363,551.0,74.56021650879568,872.4235294117647,922.9087903439416,36.294117647058826,41.49372737854127,408.0705882352941,419.93321597886603
vesuvio_outdoor_from_above_2_671,1.0690000,0.722,-1,0,233,1430.00,747.0,165.000,166.0,739.000,390.0,683.0,47.76223776223776,1.0,0.6060606060606061,349.0,47.22598105548038,872.4235294117647,922.9087903439416,36.294117647058826,41.49372737854127,408.0705882352941,419.93321597886603
vesuvio_outdoor_from_above_2_672,1.0690000,0.648,-1,0,233,1430.00,334.0,165.000,214.0,739.000,220.0,1096.0,76.64335664335664,49.0,29.696969696969695,519.0,70.23004059539919,872.4235294117647,922.9087903439416,36.294117647058826,41.49372737854127,408.0705882352941,419.93321597886603
vesuvio_outdoor_from_above_2_673,1.0690000,0.741,-1,0,233,1430.00,614.0,165.000,205.0,739.000,331.0,816.0,57.06293706293706,40.0,24.242424242424242,408.0,55.20974289580514,872.4235294117647,922.9087903439416,36.294117647058826,41.49372737854127,408.0705882352941,419.93321597886603
vesuvio_outdoor_from_above_2_674,1.0690000,0.949,-1,1,198,1430.00,375.0,165.000,239.0,739.000,471.0,1055.0,73.77622377622377,74.0,44.84848484848485,268.0,36.265223274695536,872.4235294117647,922.9087903439416,36.294117647058826,41.49372737854127,408.0705882352941,419.93321597886603
vesuvio_outdoor_from_above_2_675,1.0690000,0.542,-1,1,198,1430.00,206.0,165.000,177.0,739.000,188.0,1224.0,85.5944055944056,12.0,7.2727272727272725,551.0,74.56021650879568,872.4235294117647,922.9087903439416,36.294117647058826,41.49372737854127,408.0705882352941,419.93321597886603
vesuvio_outdoor_from_above_2_676,1.0690000,0.671,-1,1,198,1430.00,494.0,165.000,200.0,739.000,271.0,936.0,65.45454545454545,35.0,21.21212121212121,468.0,63.32882273342354,872.4235294117647,922.9087903439416,36.294117647058826,41.49372737854127,408.0705882352941,419.93321597886603
vesuvio_outdoor_from_above_2_677,1.0690000,0.726,-1,1,198,1430.00,416.0,165.000,221.0,739.000,284.0,1014.0,70.9090909090909,56.0,33.93939393939394,455.0,61.56968876860623,872.4235294117647,922.9087903439416,36.294117647058826,41.49372737854127,408.0705882352941,419.93321597886603
vesuvio_outdoor_from_above_2_678,1.0690000,0.914,-1,2,216,1430.00,444.0,165.000,225.0,739.000,464.0,986.0,68.95104895104895,60.0,36.36363636363637,275.0,37.21244925575102,872.4235294117647,922.9087903439416,36.294117647058826,41.49372737854127,408.0705882352941,419.93321597886603
vesuvio_outdoor_from_above_2_679,1.0690000,0.597,-1,2,216,1430.00,294.0,165.000,153.0,739.000,291.0,1136.0,79.44055944055944,12.0,7.2727272727272725,448.0,60.622462787550745,872.4235294117647,922.9087903439416,36.294117647058826,41.49372737854127,408.0705882352941,419.93321597886603
vesuvio_outdoor_from_above_2_680,1.0690000,0.6799999999999999,-1,2,216,1430.00,361.0,165.000,211.0,739.000,258.0,1069.0,74.75524475524476,46.0,27.87878787878788,481.0,65.08795669824086,872.4235294117647,922.9087903439416,36.294117647058826,41.49372737854127,408.0705882352941,419.93321597886603
vesuvio_outdoor_from_above_2_681,1.0690000,0.798,-1,2,216,1430.00,296.0,165.000,200.0,739.000,398.0,1134.0,79.3006993006993,35.0,21.21212121212121,341.0,46.14343707713126,872.4235294117647,922.9087903439416,36.294117647058826,41.49372737854127,408.0705882352941,419.93321597886603
vesuvio_outdoor_from_above_2_682,1.0690000,0.64,-1,2,216,1430.00,189.0,165.000,192.0,739.000,256.0,1241.0,86.78321678321679,27.0,16.363636363636363,483.0,65.35859269282814,872.4235294117647,922.9087903439416,36.294117647058826,41.49372737854127,408.0705882352941,419.93321597886603
vesuvio_outdoor_from_above_2_683,1.0690000,0.8999999999999999,-1,2,216,1430.00,1133.0,165.000,205.0,739.000,490.0,297.0,20.76923076923077,40.0,24.242424242424242,249.0,33.69418132611637,872.4235294117647,922.9087903439416,36.294117647058826,41.49372737854127,408.0705882352941,419.93321597886603
vesuvio_outdoor_from_above_2_684,1.0690000,0.523,-1,0,248,1430.00,440.0,165.000,181.0,739.000,161.0,990.0,69.23076923076923,16.0,9.696969696969697,578.0,78.21380243572395,872.4235294117647,922.9087903439416,36.294117647058826,41.49372737854127,408.0705882352941,419.93321597886603
vesuvio_outdoor_from_above_2_685,1.0690000,0.513,-1,0,248,1430.00,1515.0,165.000,156.0,739.000,201.0,85.0,5.944055944055944,9.0,5.454545454545454,538.0,72.80108254397835,872.4235294117647,922.9087903439416,36.294117647058826,41.49372737854127,408.0705882352941,419.93321597886603
vesuvio_outdoor_from_above_2_686,1.0690000,0.551,-1,0,248,1430.00,321.0,165.000,162.0,739.000,227.0,1109.0,77.55244755244755,3.0,1.8181818181818181,512.0,69.2828146143437,872.4235294117647,922.9087903439416,36.294117647058826,41.49372737854127,408.0705882352941,419.93321597886603
vesuvio_outdoor_from_above_2_687,1.0690000,0.73,-1,0,248,1430.00,179.0,165.000,177.0,739.000,376.0,1251.0,87.48251748251748,12.0,7.2727272727272725,363.0,49.12043301759134,872.4235294117647,922.9087903439416,36.294117647058826,41.49372737854127,408.0705882352941,419.93321597886603
vesuvio_outdoor_from_above_2_688,1.0690000,0.562,-1,0,248,1430.00,504.0,165.000,159.0,739.000,244.0,926.0,64.75524475524476,6.0,3.6363636363636362,495.0,66.98240866035182,872.4235294117647,922.9087903439416,36.294117647058826,41.49372737854127,408.0705882352941,419.93321597886603
vesuvio_outdoor_from_above_2_689,1.0690000,0.806,-1,0,248,1430.00,92.0,165.000,194.0,739.000,418.0,1338.0,93.56643356643356,29.0,17.575757575757574,321.0,43.437077131258455,872.4235294117647,922.9087903439416,36.294117647058826,41.49372737854127,408.0705882352941,419.93321597886603
vesuvio_outdoor_from_above_2_690,1.0690000,0.75,-1,0,248,1430.00,791.0,165.000,202.0,739.000,346.0,639.0,44.68531468531469,37.0,22.424242424242426,393.0,53.17997293640054,872.4235294117647,922.9087903439416,36.294117647058826,41.49372737854127,408.0705882352941,419.93321597886603
vesuvio_outdoor_from_above_2_691,1.0690000,0.8939999999999999,-1,0,248,1430.00,655.0,165.000,236.0,739.000,422.0,775.0,54.19580419580419,71.0,43.03030303030303,317.0,42.895805142083894,872.4235294117647,922.9087903439416,36.294117647058826,41.49372737854127,408.0705882352941,419.93321597886603
vesuvio_outdoor_from_above_2_692,1.0690000,0.755,-1,0,225,1430.00,288.0,165.000,224.0,739.000,307.0,1142.0,79.86013986013987,59.0,35.75757575757576,432.0,58.4573748308525,872.4235294117647,922.9087903439416,36.294117647058826,41.49372737854127,408.0705882352941,419.93321597886603
vesuvio_outdoor_from_above_2_693,1.0690000,0.6739999999999999,-1,0,225,1430.00,267.0,165.000,191.0,739.000,292.0,1163.0,81.32867132867133,26.0,15.757575757575758,447.0,60.487144790257105,872.4235294117647,922.9087903439416,36.294117647058826,41.49372737854127,408.0705882352941,419.93321597886603
vesuvio_outdoor_from_above_2_694,1.0690000,0.87,-1,0,225,1430.00,362.0,165.000,213.0,739.000,444.0,1068.0,74.68531468531468,48.0,29.09090909090909,295.0,39.918809201623816,872.4235294117647,922.9087903439416,36.294117647058826,41.49372737854127,408.0705882352941,419.93321597886603
vesuvio_outdoor_from_above_2_695,1.0690000,0.907,-1,0,225,1430.00,150.0,165.000,209.0,739.000,489.0,1280.0,89.5104895104895,44.0,26.666666666666668,250.0,33.82949932341001,872.4235294117647,922.9087903439416,36.294117647058826,41.49372737854127,408.0705882352941,419.93321597886603
vesuvio_outdoor_from_above_2_696,1.0690000,0.6970000000000001,-1,0,239,1430.00,636.0,165.000,224.0,739.000,249.0,794.0,55.52447552447553,59.0,35.75757575757576,490.0,66.30581867388362,872.4235294117647,922.9087903439416,36.294117647058826,41.49372737854127,408.0705882352941,419.93321597886603
vesuvio_outdoor_from_above_2_697,1.0690000,0.675,-1,0,239,1430.00,447.0,165.000,179.0,739.000,317.0,983.0,68.74125874125875,14.0,8.484848484848484,422.0,57.104194857916106,872.4235294117647,922.9087903439416,36.294117647058826,41.49372737854127,408.0705882352941,419.93321597886603
vesuvio_outdoor_from_above_2_698,1.0690000,0.525,-1,0,239,1430.00,331.0,165.000,169.0,739.000,187.0,1099.0,76.85314685314685,4.0,2.4242424242424243,552.0,74.69553450608932,872.4235294117647,922.9087903439416,36.294117647058826,41.49372737854127,408.0705882352941,419.93321597886603
vesuvio_outdoor_from_above_2_699,1.0690000,0.6799999999999999,-1,0,223,1430.00,560.0,165.000,179.0,739.000,322.0,870.0,60.83916083916084,14.0,8.484848484848484,417.0,56.427604871447905,872.4235294117647,922.9087903439416,36.294117647058826,41.49372737854127,408.0705882352941,419.93321597886603
vesuvio_outdoor_from_above_2_700,1.0690000,0.606,-1,0,223,1430.00,434.0,165.000,205.0,739.000,196.0,996.0,69.65034965034965,40.0,24.242424242424242,543.0,73.47767253044655,872.4235294117647,922.9087903439416,36.294117647058826,41.49372737854127,408.0705882352941,419.93321597886603
vesuvio_outdoor_from_above_2_701,1.0690000,0.8180000000000001,-1,0,223,1430.00,1150.0,165.000,184.0,739.000,450.0,280.0,19.58041958041958,19.0,11.515151515151516,289.0,39.106901217861974,872.4235294117647,922.9087903439416,36.294117647058826,41.49372737854127,408.0705882352941,419.93321597886603
vesuvio_outdoor_from_above_2_702,1.0690000,0.699,-1,0,223,1430.00,956.0,165.000,245.0,739.000,209.0,474.0,33.14685314685315,80.0,48.484848484848484,530.0,71.71853856562923,872.4235294117647,922.9087903439416,36.294117647058826,41.49372737854127,408.0705882352941,419.93321597886603
vesuvio_outdoor_from_above_2_703,1.0690000,0.821,-1,0,223,1430.00,827.0,165.000,199.0,739.000,423.0,603.0,42.16783216783217,34.0,20.606060606060606,316.0,42.760487144790254,872.4235294117647,922.9087903439416,36.294117647058826,41.49372737854127,408.0705882352941,419.93321597886603
vesuvio_outdoor_day_1_857,1.0700000,0.477,-1,7,50,1510.00,294.0,156.000,114.0,758.000,249.0,1216.0,80.52980132450331,42.0,26.923076923076923,509.0,67.15039577836411,1150.1666666666667,1155.075538655373,31.166666666666668,33.2540724323102,523.6666666666666,524.7955157328742
vesuvio_outdoor_day_1_858,1.0700000,0.472,-1,13,99,1510.00,253.0,156.000,109.0,758.000,254.0,1257.0,83.24503311258277,47.0,30.128205128205128,504.0,66.49076517150395,1150.1666666666667,1155.075538655373,31.166666666666668,33.2540724323102,523.6666666666666,524.7955157328742
vesuvio_outdoor_day_1_859,1.0700000,0.544,-1,6,88,1510.00,281.0,156.000,138.0,758.000,268.0,1229.0,81.3907284768212,18.0,11.538461538461538,490.0,64.64379947229551,1150.1666666666667,1155.075538655373,31.166666666666668,33.2540724323102,523.6666666666666,524.7955157328742
vesuvio_outdoor_day_1_860,1.0700000,0.525,-1,12,84,1510.00,315.0,156.000,171.0,758.000,183.0,1195.0,79.13907284768212,15.0,9.615384615384615,575.0,75.85751978891821,1150.1666666666667,1155.075538655373,31.166666666666668,33.2540724323102,523.6666666666666,524.7955157328742
vesuvio_outdoor_day_1_861,1.0700000,0.438,-1,12,89,1510.00,511.0,156.000,124.0,758.000,190.0,999.0,66.15894039735099,32.0,20.512820512820515,568.0,74.93403693931398,1150.1666666666667,1155.075538655373,31.166666666666668,33.2540724323102,523.6666666666666,524.7955157328742
vesuvio_outdoor_day_1_862,1.0700000,0.508,-1,12,111,1510.00,505.0,156.000,123.0,758.000,262.0,1005.0,66.55629139072848,33.0,21.153846153846153,496.0,65.4353562005277,1150.1666666666667,1155.075538655373,31.166666666666668,33.2540724323102,523.6666666666666,524.7955157328742
vesuvio_outdoor_day_2_843,1.0690000,0.751,-1,9,139,1430.00,1337.0,165.000,209.0,739.000,333.0,93.0,6.503496503496503,44.0,26.666666666666668,406.0,54.93910690121786,856.7857142857143,940.8655209813082,30.714285714285715,36.18800116850098,481.42857142857144,487.4418646654916
vesuvio_outdoor_day_2_844,1.0690000,0.832,-1,7,153,1430.00,257.0,165.000,181.0,739.000,470.0,1173.0,82.02797202797203,16.0,9.696969696969697,269.0,36.40054127198918,856.7857142857143,940.8655209813082,30.714285714285715,36.18800116850098,481.42857142857144,487.4418646654916
vesuvio_outdoor_day_2_845,1.0690000,0.542,-1,5,121,1430.00,635.0,165.000,178.0,739.000,186.0,795.0,55.59440559440559,13.0,7.878787878787879,553.0,74.83085250338296,856.7857142857143,940.8655209813082,30.714285714285715,36.18800116850098,481.42857142857144,487.4418646654916
vesuvio_outdoor_day_2_846,1.0690000,0.655,-1,5,121,1430.00,247.0,165.000,179.0,739.000,297.0,1183.0,82.72727272727273,14.0,8.484848484848484,442.0,59.810554803788904,856.7857142857143,940.8655209813082,30.714285714285715,36.18800116850098,481.42857142857144,487.4418646654916
vesuvio_outdoor_day_2_847,1.0690000,0.524,-1,8,185,1430.00,317.0,165.000,152.0,739.000,220.0,1113.0,77.83216783216783,13.0,7.878787878787879,519.0,70.23004059539919,856.7857142857143,940.8655209813082,30.714285714285715,36.18800116850098,481.42857142857144,487.4418646654916
vesuvio_outdoor_day_2_848,1.0690000,0.602,-1,10,155,1430.00,1067.0,165.000,184.0,739.000,234.0,363.0,25.384615384615383,19.0,11.515151515151516,505.0,68.33558863328822,856.7857142857143,940.8655209813082,30.714285714285715,36.18800116850098,481.42857142857144,487.4418646654916
vesuvio_outdoor_day_2_849,1.0690000,0.609,-1,8,165,1430.00,400.0,165.000,209.0,739.000,191.0,1030.0,72.02797202797203,44.0,26.666666666666668,548.0,74.15426251691476,856.7857142857143,940.8655209813082,30.714285714285715,36.18800116850098,481.42857142857144,487.4418646654916
vesuvio_outdoor_day_2_850,1.0690000,0.698,-1,8,165,1430.00,1103.0,165.000,231.0,739.000,236.0,327.0,22.867132867132867,66.0,40.0,503.0,68.06495263870094,856.7857142857143,940.8655209813082,30.714285714285715,36.18800116850098,481.42857142857144,487.4418646654916
vesuvio_outdoor_day_2_851,1.0690000,0.5640000000000001,-1,9,124,1430.00,97.0,165.000,184.0,739.000,196.0,1333.0,93.21678321678321,19.0,11.515151515151516,543.0,73.47767253044655,856.7857142857143,940.8655209813082,30.714285714285715,36.18800116850098,481.42857142857144,487.4418646654916
vesuvio_outdoor_day_2_852,1.0690000,0.612,-1,11,135,1430.00,1007.0,165.000,184.0,739.000,244.0,423.0,29.58041958041958,19.0,11.515151515151516,495.0,66.98240866035182,856.7857142857143,940.8655209813082,30.714285714285715,36.18800116850098,481.42857142857144,487.4418646654916
vesuvio_outdoor_day_2_853,1.0690000,0.616,-1,10,131,1430.00,197.0,165.000,211.0,739.000,194.0,1233.0,86.22377622377623,46.0,27.87878787878788,545.0,73.74830852503383,856.7857142857143,940.8655209813082,30.714285714285715,36.18800116850098,481.42857142857144,487.4418646654916
vesuvio_outdoor_day_2_854,1.0690000,0.66,-1,10,131,1430.00,392.0,165.000,196.0,739.000,268.0,1038.0,72.58741258741259,31.0,18.78787878787879,471.0,63.734776725304464,856.7857142857143,940.8655209813082,30.714285714285715,36.18800116850098,481.42857142857144,487.4418646654916
vesuvio_outdoor_day_2_855,1.0690000,0.5640000000000001,-1,8,143,1430.00,264.0,165.000,181.0,739.000,202.0,1166.0,81.53846153846153,16.0,9.696969696969697,537.0,72.66576454668471,856.7857142857143,940.8655209813082,30.714285714285715,36.18800116850098,481.42857142857144,487.4418646654916
vesuvio_outdoor_day_2_856,1.0690000,0.8049999999999999,-1,6,38,1430.00,705.0,165.000,235.0,739.000,335.0,725.0,50.6993006993007,70.0,42.42424242424242,404.0,54.66847090663058,856.7857142857143,940.8655209813082,30.714285714285715,36.18800116850098,481.42857142857144,487.4418646654916
vesuvio_outdoor_day_3_809,1.0560000,0.551,-1,12,150,1500.00,343.0,170.000,164.0,716.000,223.0,1157.0,77.13333333333334,6.0,3.5294117647058822,493.0,68.85474860335195,1022.5588235294117,1043.40932975116,25.41176470588235,30.280065273066644,455.6764705882353,464.14573649434976
vesuvio_outdoor_day_3_810,1.0560000,0.533,-1,12,150,1500.00,655.0,170.000,171.0,716.000,191.0,845.0,56.333333333333336,1.0,0.5882352941176471,525.0,73.32402234636872,1022.5588235294117,1043.40932975116,25.41176470588235,30.280065273066644,455.6764705882353,464.14573649434976
vesuvio_outdoor_day_3_811,1.0560000,0.59,-1,6,146,1500.00,745.0,170.000,178.0,716.000,234.0,755.0,50.333333333333336,8.0,4.705882352941177,482.0,67.31843575418995,1022.5588235294117,1043.40932975116,25.41176470588235,30.280065273066644,455.6764705882353,464.14573649434976
vesuvio_outdoor_day_3_812,1.0560000,0.618,-1,6,146,1500.00,475.0,170.000,209.0,716.000,200.0,1025.0,68.33333333333333,39.0,22.941176470588236,516.0,72.06703910614524,1022.5588235294117,1043.40932975116,25.41176470588235,30.280065273066644,455.6764705882353,464.14573649434976
vesuvio_outdoor_day_3_813,1.0560000,0.565,-1,6,146,1500.00,142.0,170.000,146.0,716.000,273.0,1358.0,90.53333333333333,24.0,14.117647058823529,443.0,61.87150837988827,1022.5588235294117,1043.40932975116,25.41176470588235,30.280065273066644,455.6764705882353,464.14573649434976
vesuvio_outdoor_day_3_814,1.0560000,0.49,-1,10,162,1500.00,101.0,170.000,143.0,716.000,204.0,1399.0,93.26666666666667,27.0,15.882352941176471,512.0,71.50837988826815,1022.5588235294117,1043.40932975116,25.41176470588235,30.280065273066644,455.6764705882353,464.14573649434976
vesuvio_outdoor_day_3_815,1.0560000,0.44299999999999995,-1,10,162,1500.00,259.0,170.000,118.0,716.000,207.0,1241.0,82.73333333333333,52.0,30.58823529411765,509.0,71.08938547486034,1022.5588235294117,1043.40932975116,25.41176470588235,30.280065273066644,455.6764705882353,464.14573649434976
vesuvio_outdoor_day_3_816,1.0560000,0.479,-1,10,162,1500.00,811.0,170.000,147.0,716.000,185.0,689.0,45.93333333333333,23.0,13.529411764705882,531.0,74.16201117318435,1022.5588235294117,1043.40932975116,25.41176470588235,30.280065273066644,455.6764705882353,464.14573649434976
vesuvio_outdoor_day_3_817,1.0560000,0.6639999999999999,-1,8,141,1500.00,357.0,170.000,151.0,716.000,362.0,1143.0,76.2,19.0,11.176470588235293,354.0,49.44134078212291,1022.5588235294117,1043.40932975116,25.41176470588235,30.280065273066644,455.6764705882353,464.14573649434976
vesuvio_outdoor_day_3_818,1.0560000,0.522,-1,8,141,1500.00,539.0,170.000,133.0,716.000,256.0,961.0,64.06666666666666,37.0,21.764705882352942,460.0,64.24581005586592,1022.5588235294117,1043.40932975116,25.41176470588235,30.280065273066644,455.6764705882353,464.14573649434976
vesuvio_outdoor_day_3_819,1.0560000,0.584,-1,8,165,1500.00,704.0,170.000,151.0,716.000,282.0,796.0,53.06666666666667,19.0,11.176470588235293,434.0,60.614525139664806,1022.5588235294117,1043.40932975116,25.41176470588235,30.280065273066644,455.6764705882353,464.14573649434976
vesuvio_outdoor_day_3_820,1.0560000,0.624,-1,11,160,1500.00,366.0,170.000,141.0,716.000,342.0,1134.0,75.6,29.0,17.058823529411764,374.0,52.23463687150838,1022.5588235294117,1043.40932975116,25.41176470588235,30.280065273066644,455.6764705882353,464.14573649434976
vesuvio_outdoor_day_3_821,1.0560000,0.829,-1,9,175,1500.00,481.0,170.000,229.0,716.000,371.0,1019.0,67.93333333333334,59.0,34.705882352941174,345.0,48.184357541899445,1022.5588235294117,1043.40932975116,25.41176470588235,30.280065273066644,455.6764705882353,464.14573649434976
vesuvio_outdoor_day_3_822,1.0560000,0.6910000000000001,-1,9,175,1500.00,493.0,170.000,227.0,716.000,237.0,1007.0,67.13333333333334,57.0,33.529411764705884,479.0,66.89944134078212,1022.5588235294117,1043.40932975116,25.41176470588235,30.280065273066644,455.6764705882353,464.14573649434976
vesuvio_outdoor_day_3_823,1.0560000,0.556,-1,11,183,1500.00,165.0,170.000,132.0,716.000,292.0,1335.0,89.0,38.0,22.352941176470587,424.0,59.21787709497207,1022.5588235294117,1043.40932975116,25.41176470588235,30.280065273066644,455.6764705882353,464.14573649434976
vesuvio_outdoor_day_3_824,1.0560000,0.51,-1,11,183,1500.00,728.0,170.000,155.0,716.000,200.0,772.0,51.46666666666667,15.0,8.823529411764707,516.0,72.06703910614524,1022.5588235294117,1043.40932975116,25.41176470588235,30.280065273066644,455.6764705882353,464.14573649434976
vesuvio_outdoor_day_3_825,1.0560000,0.835,-1,11,183,1500.00,361.0,170.000,211.0,716.000,413.0,1139.0,75.93333333333334,41.0,24.11764705882353,303.0,42.31843575418994,1022.5588235294117,1043.40932975116,25.41176470588235,30.280065273066644,455.6764705882353,464.14573649434976
vesuvio_outdoor_day_3_826,1.0560000,0.461,-1,12,184,1500.00,667.0,170.000,135.0,716.000,191.0,833.0,55.53333333333333,35.0,20.58823529411765,525.0,73.32402234636872,1022.5588235294117,1043.40932975116,25.41176470588235,30.280065273066644,455.6764705882353,464.14573649434976
vesuvio_outdoor_day_3_827,1.0560000,0.552,-1,9,190,1500.00,808.0,170.000,170.0,716.000,212.0,692.0,46.13333333333333,0.0,0.0,504.0,70.39106145251397,1022.5588235294117,1043.40932975116,25.41176470588235,30.280065273066644,455.6764705882353,464.14573649434976
vesuvio_outdoor_day_3_828,1.0560000,0.526,-1,9,190,1500.00,655.0,170.000,154.0,716.000,218.0,845.0,56.333333333333336,16.0,9.411764705882353,498.0,69.55307262569832,1022.5588235294117,1043.40932975116,25.41176470588235,30.280065273066644,455.6764705882353,464.14573649434976
vesuvio_outdoor_day_3_829,1.0560000,0.545,-1,6,190,1500.00,848.0,170.000,170.0,716.000,205.0,652.0,43.46666666666667,0.0,0.0,511.0,71.36871508379889,1022.5588235294117,1043.40932975116,25.41176470588235,30.280065273066644,455.6764705882353,464.14573649434976
vesuvio_outdoor_day_3_830,1.0560000,0.784,-1,6,190,1500.00,104.0,170.000,182.0,716.000,420.0,1396.0,93.06666666666666,12.0,7.0588235294117645,296.0,41.340782122905026,1022.5588235294117,1043.40932975116,25.41176470588235,30.280065273066644,455.6764705882353,464.14573649434976
vesuvio_outdoor_day_3_831,1.0560000,0.766,-1,6,190,1500.00,373.0,170.000,173.0,716.000,420.0,1127.0,75.13333333333334,3.0,1.7647058823529411,296.0,41.340782122905026,1022.5588235294117,1043.40932975116,25.41176470588235,30.280065273066644,455.6764705882353,464.14573649434976
vesuvio_outdoor_day_3_832,1.0560000,0.654,-1,6,190,1500.00,747.0,170.000,170.0,716.000,314.0,753.0,50.2,0.0,0.0,402.0,56.14525139664804,1022.5588235294117,1043.40932975116,25.41176470588235,30.280065273066644,455.6764705882353,464.14573649434976
vesuvio_outdoor_day_3_833,1.0560000,0.6519999999999999,-1,14,170,1500.00,355.0,170.000,182.0,716.000,288.0,1145.0,76.33333333333333,12.0,7.0588235294117645,428.0,59.77653631284916,1022.5588235294117,1043.40932975116,25.41176470588235,30.280065273066644,455.6764705882353,464.14573649434976
vesuvio_outdoor_day_3_834,1.0560000,0.398,-1,14,170,1500.00,504.0,170.000,137.0,716.000,124.0,996.0,66.4,33.0,19.41176470588235,592.0,82.68156424581005,1022.5588235294117,1043.40932975116,25.41176470588235,30.280065273066644,455.6764705882353,464.14573649434976
vesuvio_outdoor_day_3_835,1.0560000,0.41300000000000003,-1,11,181,1500.00,482.0,170.000,138.0,716.000,137.0,1018.0,67.86666666666666,32.0,18.823529411764707,579.0,80.8659217877095,1022.5588235294117,1043.40932975116,25.41176470588235,30.280065273066644,455.6764705882353,464.14573649434976
vesuvio_outdoor_day_3_836,1.0560000,0.485,-1,11,181,1500.00,198.0,170.000,146.0,716.000,193.0,1302.0,86.8,24.0,14.117647058823529,523.0,73.04469273743017,1022.5588235294117,1043.40932975116,25.41176470588235,30.280065273066644,455.6764705882353,464.14573649434976
vesuvio_outdoor_day_3_837,1.0560000,0.9490000000000001,-1,9,173,1500.00,409.0,170.000,225.0,716.000,499.0,1091.0,72.73333333333333,55.0,32.35294117647059,217.0,30.307262569832403,1022.5588235294117,1043.40932975116,25.41176470588235,30.280065273066644,455.6764705882353,464.14573649434976
vesuvio_outdoor_day_3_838,1.0560000,0.622,-1,9,173,1500.00,555.0,170.000,194.0,716.000,234.0,945.0,63.0,24.0,14.117647058823529,482.0,67.31843575418995,1022.5588235294117,1043.40932975116,25.41176470588235,30.280065273066644,455.6764705882353,464.14573649434976
vesuvio_outdoor_day_3_839,1.0560000,0.591,-1,9,173,1500.00,432.0,170.000,146.0,716.000,299.0,1068.0,71.2,24.0,14.117647058823529,417.0,58.24022346368715,1022.5588235294117,1043.40932975116,25.41176470588235,30.280065273066644,455.6764705882353,464.14573649434976
vesuvio_outdoor_day_3_840,1.0560000,0.385,-1,8,164,1500.00,587.0,170.000,133.0,716.000,119.0,913.0,60.86666666666667,37.0,21.764705882352942,597.0,83.37988826815642,1022.5588235294117,1043.40932975116,25.41176470588235,30.280065273066644,455.6764705882353,464.14573649434976
vesuvio_outdoor_day_3_841,1.0560000,0.654,-1,8,164,1500.00,435.0,170.000,203.0,716.000,248.0,1065.0,71.0,33.0,19.41176470588235,468.0,65.36312849162012,1022.5588235294117,1043.40932975116,25.41176470588235,30.280065273066644,455.6764705882353,464.14573649434976
vesuvio_outdoor_day_3_842,1.0560000,0.538,-1,16,166,1500.00,349.0,170.000,140.0,716.000,258.0,1151.0,76.73333333333333,30.0,17.647058823529413,458.0,63.96648044692738,1022.5588235294117,1043.40932975116,25.41176470588235,30.280065273066644,455.6764705882353,464.14573649434976
vesuvio_outdoor_from_above_day_1_704,1.0700000,0.519,-1,8,204,1510.00,181.0,156.000,128.0,758.000,263.0,1329.0,88.01324503311258,28.0,17.94871794871795,495.0,65.30343007915567,1126.3809523809523,1143.2925023946173,30.793650793650794,37.04223243983797,479.1746031746032,488.28465546431494
vesuvio_outdoor_from_above_day_1_705,1.0700000,0.519,-1,8,204,1510.00,234.0,156.000,111.0,758.000,297.0,1276.0,84.50331125827815,45.0,28.846153846153847,461.0,60.817941952506594,1126.3809523809523,1143.2925023946173,30.793650793650794,37.04223243983797,479.1746031746032,488.28465546431494
vesuvio_outdoor_from_above_day_1_706,1.0700000,0.732,-1,8,204,1510.00,613.0,156.000,176.0,758.000,380.0,897.0,59.40397350993378,20.0,12.820512820512821,378.0,49.86807387862797,1126.3809523809523,1143.2925023946173,30.793650793650794,37.04223243983797,479.1746031746032,488.28465546431494
vesuvio_outdoor_from_above_day_1_707,1.0700000,0.571,-1,8,204,1510.00,527.0,156.000,195.0,758.000,181.0,983.0,65.09933774834437,39.0,25.0,577.0,76.12137203166228,1126.3809523809523,1143.2925023946173,30.793650793650794,37.04223243983797,479.1746031746032,488.28465546431494
vesuvio_outdoor_from_above_day_1_708,1.0700000,0.55,-1,7,198,1510.00,321.0,156.000,142.0,758.000,266.0,1189.0,78.74172185430463,14.0,8.974358974358974,492.0,64.90765171503958,1126.3809523809523,1143.2925023946173,30.793650793650794,37.04223243983797,479.1746031746032,488.28465546431494
vesuvio_outdoor_from_above_day_1_709,1.0700000,0.753,-1,7,198,1510.00,105.0,156.000,228.0,758.000,297.0,1405.0,93.04635761589404,72.0,46.15384615384615,461.0,60.817941952506594,1126.3809523809523,1143.2925023946173,30.793650793650794,37.04223243983797,479.1746031746032,488.28465546431494
vesuvio_outdoor_from_above_day_1_710,1.0700000,0.6539999999999999,-1,7,198,1510.00,197.0,156.000,143.0,758.000,368.0,1313.0,86.95364238410596,13.0,8.333333333333334,390.0,51.45118733509235,1126.3809523809523,1143.2925023946173,30.793650793650794,37.04223243983797,479.1746031746032,488.28465546431494
vesuvio_outdoor_from_above_day_1_711,1.0700000,0.453,-1,7,198,1510.00,297.0,156.000,134.0,758.000,185.0,1213.0,80.33112582781457,22.0,14.102564102564102,573.0,75.59366754617415,1126.3809523809523,1143.2925023946173,30.793650793650794,37.04223243983797,479.1746031746032,488.28465546431494
vesuvio_outdoor_from_above_day_1_712,1.0700000,0.658,-1,7,202,1510.00,195.0,156.000,220.0,758.000,218.0,1315.0,87.08609271523179,64.0,41.02564102564103,540.0,71.2401055408971,1126.3809523809523,1143.2925023946173,30.793650793650794,37.04223243983797,479.1746031746032,488.28465546431494
vesuvio_outdoor_from_above_day_1_713,1.0700000,0.476,-1,7,202,1510.00,367.0,156.000,121.0,758.000,234.0,1143.0,75.69536423841059,35.0,22.435897435897434,524.0,69.12928759894459,1126.3809523809523,1143.2925023946173,30.793650793650794,37.04223243983797,479.1746031746032,488.28465546431494
vesuvio_outdoor_from_above_day_1_714,1.0700000,0.796,-1,7,202,1510.00,257.0,156.000,215.0,758.000,366.0,1253.0,82.98013245033113,59.0,37.82051282051282,392.0,51.715039577836414,1126.3809523809523,1143.2925023946173,30.793650793650794,37.04223243983797,479.1746031746032,488.28465546431494
vesuvio_outdoor_from_above_day_1_715,1.0700000,0.462,-1,11,207,1510.00,583.0,156.000,130.0,758.000,202.0,927.0,61.390728476821195,26.0,16.666666666666668,556.0,73.35092348284961,1126.3809523809523,1143.2925023946173,30.793650793650794,37.04223243983797,479.1746031746032,488.28465546431494
vesuvio_outdoor_from_above_day_1_716,1.0700000,0.484,-1,11,207,1510.00,223.0,156.000,111.0,758.000,262.0,1287.0,85.23178807947019,45.0,28.846153846153847,496.0,65.4353562005277,1126.3809523809523,1143.2925023946173,30.793650793650794,37.04223243983797,479.1746031746032,488.28465546431494
vesuvio_outdoor_from_above_day_1_717,1.0700000,0.631,-1,11,207,1510.00,320.0,156.000,189.0,758.000,253.0,1190.0,78.80794701986756,33.0,21.153846153846153,505.0,66.62269129287598,1126.3809523809523,1143.2925023946173,30.793650793650794,37.04223243983797,479.1746031746032,488.28465546431494
vesuvio_outdoor_from_above_day_1_718,1.0700000,0.6659999999999999,-1,11,207,1510.00,152.0,156.000,191.0,758.000,284.0,1358.0,89.93377483443709,35.0,22.435897435897434,474.0,62.53298153034301,1126.3809523809523,1143.2925023946173,30.793650793650794,37.04223243983797,479.1746031746032,488.28465546431494
vesuvio_outdoor_from_above_day_1_719,1.0700000,0.901,-1,11,207,1510.00,162.0,156.000,208.0,758.000,485.0,1348.0,89.27152317880795,52.0,33.333333333333336,273.0,36.01583113456464,1126.3809523809523,1143.2925023946173,30.793650793650794,37.04223243983797,479.1746031746032,488.28465546431494
vesuvio_outdoor_from_above_day_1_720,1.0700000,0.395,-1,6,155,1510.00,228.0,156.000,157.0,758.000,81.0,1282.0,84.90066225165563,1.0,0.6410256410256411,677.0,89.31398416886543,1126.3809523809523,1143.2925023946173,30.793650793650794,37.04223243983797,479.1746031746032,488.28465546431494
vesuvio_outdoor_from_above_day_1_721,1.0700000,0.615,-1,6,155,1510.00,531.0,156.000,156.0,758.000,303.0,979.0,64.83443708609272,0.0,0.0,455.0,60.02638522427441,1126.3809523809523,1143.2925023946173,30.793650793650794,37.04223243983797,479.1746031746032,488.28465546431494
vesuvio_outdoor_from_above_day_1_722,1.0700000,0.857,-1,6,155,1510.00,397.0,156.000,213.0,758.000,431.0,1113.0,73.70860927152317,57.0,36.53846153846154,327.0,43.13984168865435,1126.3809523809523,1143.2925023946173,30.793650793650794,37.04223243983797,479.1746031746032,488.28465546431494
vesuvio_outdoor_from_above_day_1_723,1.0700000,0.8069999999999999,-1,8,207,1510.00,478.0,156.000,159.0,758.000,489.0,1032.0,68.34437086092716,3.0,1.9230769230769231,269.0,35.48812664907652,1126.3809523809523,1143.2925023946173,30.793650793650794,37.04223243983797,479.1746031746032,488.28465546431494
vesuvio_outdoor_from_above_day_1_724,1.0700000,0.487,-1,8,207,1510.00,215.0,156.000,118.0,758.000,251.0,1295.0,85.76158940397352,38.0,24.358974358974358,507.0,66.88654353562005,1126.3809523809523,1143.2925023946173,30.793650793650794,37.04223243983797,479.1746031746032,488.28465546431494
vesuvio_outdoor_from_above_day_1_725,1.0700000,0.79,-1,8,207,1510.00,357.0,156.000,184.0,758.000,422.0,1153.0,76.35761589403974,28.0,17.94871794871795,336.0,44.32717678100264,1126.3809523809523,1143.2925023946173,30.793650793650794,37.04223243983797,479.1746031746032,488.28465546431494
vesuvio_outdoor_from_above_day_1_726,1.0700000,0.394,-1,8,207,1510.00,271.0,156.000,136.0,758.000,122.0,1239.0,82.05298013245033,20.0,12.820512820512821,636.0,83.90501319261213,1126.3809523809523,1143.2925023946173,30.793650793650794,37.04223243983797,479.1746031746032,488.28465546431494
vesuvio_outdoor_from_above_day_1_727,1.0700000,0.9510000000000001,-1,10,205,1510.00,153.0,156.000,230.0,758.000,491.0,1357.0,89.86754966887418,74.0,47.43589743589744,267.0,35.224274406332455,1126.3809523809523,1143.2925023946173,30.793650793650794,37.04223243983797,479.1746031746032,488.28465546431494
vesuvio_outdoor_from_above_day_1_728,1.0700000,0.716,-1,10,205,1510.00,151.0,156.000,161.0,758.000,394.0,1359.0,90.0,5.0,3.2051282051282053,364.0,48.02110817941953,1126.3809523809523,1143.2925023946173,30.793650793650794,37.04223243983797,479.1746031746032,488.28465546431494
vesuvio_outdoor_from_above_day_1_729,1.0700000,0.42500000000000004,-1,10,205,1510.00,603.0,156.000,112.0,758.000,201.0,907.0,60.06622516556291,44.0,28.205128205128204,557.0,73.48284960422164,1126.3809523809523,1143.2925023946173,30.793650793650794,37.04223243983797,479.1746031746032,488.28465546431494
vesuvio_outdoor_from_above_day_1_730,1.0700000,0.46699999999999997,-1,10,205,1510.00,621.0,156.000,143.0,758.000,181.0,889.0,58.87417218543046,13.0,8.333333333333334,577.0,76.12137203166228,1126.3809523809523,1143.2925023946173,30.793650793650794,37.04223243983797,479.1746031746032,488.28465546431494
vesuvio_outdoor_from_above_day_1_731,1.0700000,0.497,-1,8,199,1510.00,315.0,156.000,100.0,758.000,297.0,1195.0,79.13907284768212,56.0,35.8974358974359,461.0,60.817941952506594,1126.3809523809523,1143.2925023946173,30.793650793650794,37.04223243983797,479.1746031746032,488.28465546431494
vesuvio_outdoor_from_above_day_1_732,1.0700000,0.755,-1,8,199,1510.00,287.0,156.000,223.0,758.000,309.0,1223.0,80.99337748344371,67.0,42.94871794871795,449.0,59.23482849604222,1126.3809523809523,1143.2925023946173,30.793650793650794,37.04223243983797,479.1746031746032,488.28465546431494
vesuvio_outdoor_from_above_day_1_733,1.0700000,0.519,-1,8,199,1510.00,480.0,156.000,160.0,758.000,199.0,1030.0,68.21192052980132,4.0,2.5641025641025643,559.0,73.7467018469657,1126.3809523809523,1143.2925023946173,30.793650793650794,37.04223243983797,479.1746031746032,488.28465546431494
vesuvio_outdoor_from_above_day_1_734,1.0700000,0.748,-1,8,199,1510.00,343.0,156.000,197.0,758.000,354.0,1167.0,77.28476821192054,41.0,26.28205128205128,404.0,53.29815303430079,1126.3809523809523,1143.2925023946173,30.793650793650794,37.04223243983797,479.1746031746032,488.28465546431494
vesuvio_outdoor_from_above_day_1_735,1.0700000,0.744,-1,8,199,1510.00,454.0,156.000,177.0,758.000,390.0,1056.0,69.93377483443709,21.0,13.461538461538462,368.0,48.54881266490765,1126.3809523809523,1143.2925023946173,30.793650793650794,37.04223243983797,479.1746031746032,488.28465546431494
vesuvio_outdoor_from_above_day_1_736,1.0700000,0.8180000000000001,-1,4,189,1510.00,442.0,156.000,177.0,758.000,464.0,1068.0,70.72847682119205,21.0,13.461538461538462,294.0,38.78627968337731,1126.3809523809523,1143.2925023946173,30.793650793650794,37.04223243983797,479.1746031746032,488.28465546431494
vesuvio_outdoor_from_above_day_1_737,1.0700000,0.46799999999999997,-1,4,189,1510.00,400.0,156.000,128.0,758.000,212.0,1110.0,73.50993377483444,28.0,17.94871794871795,546.0,72.03166226912928,1126.3809523809523,1143.2925023946173,30.793650793650794,37.04223243983797,479.1746031746032,488.28465546431494
vesuvio_outdoor_from_above_day_1_738,1.0700000,0.43399999999999994,-1,4,189,1510.00,411.0,156.000,142.0,758.000,150.0,1099.0,72.78145695364239,14.0,8.974358974358974,608.0,80.21108179419525,1126.3809523809523,1143.2925023946173,30.793650793650794,37.04223243983797,479.1746031746032,488.28465546431494
vesuvio_outdoor_from_above_day_1_739,1.0700000,0.694,-1,7,133,1510.00,712.0,156.000,202.0,758.000,290.0,798.0,52.847682119205295,46.0,29.487179487179485,468.0,61.74142480211082,1126.3809523809523,1143.2925023946173,30.793650793650794,37.04223243983797,479.1746031746032,488.28465546431494
vesuvio_outdoor_from_above_day_1_740,1.0700000,0.554,-1,7,133,1510.00,437.0,156.000,147.0,758.000,260.0,1073.0,71.05960264900662,9.0,5.769230769230769,498.0,65.69920844327177,1126.3809523809523,1143.2925023946173,30.793650793650794,37.04223243983797,479.1746031746032,488.28465546431494
vesuvio_outdoor_from_above_day_1_741,1.0700000,0.521,-1,11,125,1510.00,633.0,156.000,160.0,758.000,201.0,877.0,58.079470198675494,4.0,2.5641025641025643,557.0,73.48284960422164,1126.3809523809523,1143.2925023946173,30.793650793650794,37.04223243983797,479.1746031746032,488.28465546431494
vesuvio_outdoor_from_above_day_1_742,1.0700000,0.768,-1,11,125,1510.00,398.0,156.000,197.0,758.000,374.0,1112.0,73.64238410596026,41.0,26.28205128205128,384.0,50.659630606860155,1126.3809523809523,1143.2925023946173,30.793650793650794,37.04223243983797,479.1746031746032,488.28465546431494
vesuvio_outdoor_from_above_day_1_743,1.0700000,0.498,-1,5,104,1510.00,388.0,156.000,140.0,758.000,218.0,1122.0,74.30463576158941,16.0,10.256410256410257,540.0,71.2401055408971,1126.3809523809523,1143.2925023946173,30.793650793650794,37.04223243983797,479.1746031746032,488.28465546431494
vesuvio_outdoor_from_above_day_1_744,1.0700000,0.8480000000000001,-1,3,115,1510.00,156.0,156.000,225.0,758.000,398.0,1354.0,89.66887417218543,69.0,44.23076923076923,360.0,47.4934036939314,1126.3809523809523,1143.2925023946173,30.793650793650794,37.04223243983797,479.1746031746032,488.28465546431494
vesuvio_outdoor_from_above_day_1_745,1.0700000,0.455,-1,3,115,1510.00,1103.0,156.000,136.0,758.000,183.0,407.0,26.95364238410596,20.0,12.820512820512821,575.0,75.85751978891821,1126.3809523809523,1143.2925023946173,30.793650793650794,37.04223243983797,479.1746031746032,488.28465546431494
vesuvio_outdoor_from_above_day_1_746,1.0700000,0.564,-1,3,115,1510.00,427.0,156.000,177.0,758.000,210.0,1083.0,71.72185430463576,21.0,13.461538461538462,548.0,72.29551451187335,1126.3809523809523,1143.2925023946173,30.793650793650794,37.04223243983797,479.1746031746032,488.28465546431494
vesuvio_outdoor_from_above_day_1_747,1.0700000,0.495,-1,6,124,1510.00,761.0,156.000,137.0,758.000,221.0,749.0,49.602649006622514,19.0,12.179487179487179,537.0,70.84432717678101,1126.3809523809523,1143.2925023946173,30.793650793650794,37.04223243983797,479.1746031746032,488.28465546431494
vesuvio_outdoor_from_above_day_1_748,1.0700000,0.424,-1,6,124,1510.00,443.0,156.000,121.0,758.000,182.0,1067.0,70.66225165562913,35.0,22.435897435897434,576.0,75.98944591029024,1126.3809523809523,1143.2925023946173,30.793650793650794,37.04223243983797,479.1746031746032,488.28465546431494
vesuvio_outdoor_from_above_day_1_749,1.0700000,0.544,-1,4,140,1510.00,311.0,156.000,172.0,758.000,200.0,1199.0,79.40397350993378,16.0,10.256410256410257,558.0,73.61477572559367,1126.3809523809523,1143.2925023946173,30.793650793650794,37.04223243983797,479.1746031746032,488.28465546431494
vesuvio_outdoor_from_above_day_1_750,1.0700000,0.8069999999999999,-1,6,122,1510.00,347.0,156.000,239.0,758.000,329.0,1163.0,77.01986754966887,83.0,53.205128205128204,429.0,56.596306068601585,1126.3809523809523,1143.2925023946173,30.793650793650794,37.04223243983797,479.1746031746032,488.28465546431494
vesuvio_outdoor_from_above_day_1_751,1.0700000,0.455,-1,6,122,1510.00,580.0,156.000,126.0,758.000,203.0,930.0,61.58940397350993,30.0,19.23076923076923,555.0,73.21899736147758,1126.3809523809523,1143.2925023946173,30.793650793650794,37.04223243983797,479.1746031746032,488.28465546431494
vesuvio_outdoor_from_above_day_1_752,1.0700000,0.548,-1,2,123,1510.00,875.0,156.000,145.0,758.000,258.0,635.0,42.05298013245033,11.0,7.051282051282051,500.0,65.96306068601584,1126.3809523809523,1143.2925023946173,30.793650793650794,37.04223243983797,479.1746031746032,488.28465546431494
vesuvio_outdoor_from_above_day_1_753,1.0700000,0.5369999999999999,-1,2,123,1510.00,611.0,156.000,119.0,758.000,299.0,899.0,59.5364238410596,37.0,23.71794871794872,459.0,60.554089709762536,1126.3809523809523,1143.2925023946173,30.793650793650794,37.04223243983797,479.1746031746032,488.28465546431494
vesuvio_outdoor_from_above_day_1_754,1.0700000,0.569,-1,2,123,1510.00,413.0,156.000,176.0,758.000,217.0,1097.0,72.64900662251655,20.0,12.820512820512821,541.0,71.37203166226912,1126.3809523809523,1143.2925023946173,30.793650793650794,37.04223243983797,479.1746031746032,488.28465546431494
vesuvio_outdoor_from_above_day_1_755,1.0700000,0.599,-1,7,117,1510.00,228.0,156.000,191.0,758.000,217.0,1282.0,84.90066225165563,35.0,22.435897435897434,541.0,71.37203166226912,1126.3809523809523,1143.2925023946173,30.793650793650794,37.04223243983797,479.1746031746032,488.28465546431494
vesuvio_outdoor_from_above_day_1_756,1.0700000,0.445,-1,7,117,1510.00,552.0,156.000,121.0,758.000,203.0,958.0,63.443708609271525,35.0,22.435897435897434,555.0,73.21899736147758,1126.3809523809523,1143.2925023946173,30.793650793650794,37.04223243983797,479.1746031746032,488.28465546431494
vesuvio_outdoor_from_above_day_1_757,1.0700000,0.5840000000000001,-1,7,117,1510.00,697.0,156.000,137.0,758.000,310.0,813.0,53.841059602649004,19.0,12.179487179487179,448.0,59.10290237467019,1126.3809523809523,1143.2925023946173,30.793650793650794,37.04223243983797,479.1746031746032,488.28465546431494
vesuvio_outdoor_from_above_day_1_758,1.0700000,0.6719999999999999,-1,7,117,1510.00,257.0,156.000,173.0,758.000,326.0,1253.0,82.98013245033113,17.0,10.897435897435898,432.0,56.992084432717675,1126.3809523809523,1143.2925023946173,30.793650793650794,37.04223243983797,479.1746031746032,488.28465546431494
vesuvio_outdoor_from_above_day_1_759,1.0700000,0.501,-1,8,123,1510.00,299.0,156.000,145.0,758.000,211.0,1211.0,80.19867549668874,11.0,7.051282051282051,547.0,72.16358839050132,1126.3809523809523,1143.2925023946173,30.793650793650794,37.04223243983797,479.1746031746032,488.28465546431494
vesuvio_outdoor_from_above_day_1_760,1.0700000,0.5780000000000001,-1,8,123,1510.00,378.0,156.000,135.0,758.000,308.0,1132.0,74.96688741721854,21.0,13.461538461538462,450.0,59.36675461741425,1126.3809523809523,1143.2925023946173,30.793650793650794,37.04223243983797,479.1746031746032,488.28465546431494
vesuvio_outdoor_from_above_day_1_761,1.0700000,0.677,-1,9,141,1510.00,197.0,156.000,239.0,758.000,199.0,1313.0,86.95364238410596,83.0,53.205128205128204,559.0,73.7467018469657,1126.3809523809523,1143.2925023946173,30.793650793650794,37.04223243983797,479.1746031746032,488.28465546431494
vesuvio_outdoor_from_above_day_1_762,1.0700000,0.7909999999999999,-1,9,141,1510.00,116.0,156.000,184.0,758.000,423.0,1394.0,92.31788079470199,28.0,17.94871794871795,335.0,44.19525065963061,1126.3809523809523,1143.2925023946173,30.793650793650794,37.04223243983797,479.1746031746032,488.28465546431494
vesuvio_outdoor_from_above_day_1_763,1.0700000,0.526,-1,9,141,1510.00,247.0,156.000,169.0,758.000,188.0,1263.0,83.64238410596026,13.0,8.333333333333334,570.0,75.19788918205805,1126.3809523809523,1143.2925023946173,30.793650793650794,37.04223243983797,479.1746031746032,488.28465546431494
vesuvio_outdoor_from_above_day_1_764,1.0700000,0.546,-1,9,141,1510.00,288.0,156.000,120.0,758.000,306.0,1222.0,80.9271523178808,36.0,23.076923076923077,452.0,59.63060686015831,1126.3809523809523,1143.2925023946173,30.793650793650794,37.04223243983797,479.1746031746032,488.28465546431494
vesuvio_outdoor_from_above_day_1_765,1.0700000,0.47100000000000003,-1,7,171,1510.00,212.0,156.000,139.0,758.000,193.0,1298.0,85.96026490066225,17.0,10.897435897435898,565.0,74.53825857519789,1126.3809523809523,1143.2925023946173,30.793650793650794,37.04223243983797,479.1746031746032,488.28465546431494
vesuvio_outdoor_from_above_day_1_766,1.0700000,0.6910000000000001,-1,7,171,1510.00,231.0,156.000,167.0,758.000,357.0,1279.0,84.70198675496688,11.0,7.051282051282051,401.0,52.9023746701847,1126.3809523809523,1143.2925023946173,30.793650793650794,37.04223243983797,479.1746031746032,488.28465546431494
vesuvio_outdoor_from_above_day_2_767,1.0690000,0.649,-1,1,77,1430.00,536.0,165.000,225.0,739.000,199.0,894.0,62.51748251748252,60.0,36.36363636363637,540.0,73.07171853856563,893.4761904761905,927.5784397584723,40.285714285714285,43.61847577084083,406.26190476190476,419.54961679446325
vesuvio_outdoor_from_above_day_2_768,1.0690000,0.623,-1,1,88,1430.00,601.0,165.000,200.0,739.000,223.0,829.0,57.97202797202797,35.0,21.21212121212121,516.0,69.82408660351827,893.4761904761905,927.5784397584723,40.285714285714285,43.61847577084083,406.26190476190476,419.54961679446325
vesuvio_outdoor_from_above_day_2_769,1.0690000,0.721,-1,0,90,1430.00,1038.0,165.000,214.0,739.000,293.0,392.0,27.412587412587413,49.0,29.696969696969695,446.0,60.351826792963465,893.4761904761905,927.5784397584723,40.285714285714285,43.61847577084083,406.26190476190476,419.54961679446325
vesuvio_outdoor_from_above_day_2_770,1.0690000,0.662,-1,2,123,1430.00,526.0,165.000,222.0,739.000,218.0,904.0,63.21678321678322,57.0,34.54545454545455,521.0,70.50067658998647,893.4761904761905,927.5784397584723,40.285714285714285,43.61847577084083,406.26190476190476,419.54961679446325
vesuvio_outdoor_from_above_day_2_771,1.0690000,0.629,-1,2,123,1430.00,312.0,165.000,187.0,739.000,255.0,1118.0,78.18181818181819,22.0,13.333333333333334,484.0,65.49391069012178,893.4761904761905,927.5784397584723,40.285714285714285,43.61847577084083,406.26190476190476,419.54961679446325
vesuvio_outdoor_from_above_day_2_772,1.0690000,0.9039999999999999,-1,2,123,1430.00,476.0,165.000,206.0,739.000,492.0,954.0,66.7132867132867,41.0,24.848484848484848,247.0,33.42354533152909,893.4761904761905,927.5784397584723,40.285714285714285,43.61847577084083,406.26190476190476,419.54961679446325
vesuvio_outdoor_from_above_day_2_773,1.0690000,0.757,-1,0,126,1430.00,392.0,165.000,170.0,739.000,417.0,1038.0,72.58741258741259,5.0,3.0303030303030303,322.0,43.572395128552095,893.4761904761905,927.5784397584723,40.285714285714285,43.61847577084083,406.26190476190476,419.54961679446325
vesuvio_outdoor_from_above_day_2_774,1.0690000,0.895,-1,5,125,1430.00,295.0,165.000,227.0,739.000,441.0,1135.0,79.37062937062937,62.0,37.57575757575758,298.0,40.32476319350474,893.4761904761905,927.5784397584723,40.285714285714285,43.61847577084083,406.26190476190476,419.54961679446325
vesuvio_outdoor_from_above_day_2_775,1.0690000,0.825,-1,5,125,1430.00,543.0,165.000,234.0,739.000,357.0,887.0,62.02797202797203,69.0,41.81818181818182,382.0,51.6914749661705,893.4761904761905,927.5784397584723,40.285714285714285,43.61847577084083,406.26190476190476,419.54961679446325
vesuvio_outdoor_from_above_day_2_776,1.0690000,0.62,-1,5,125,1430.00,387.0,165.000,190.0,739.000,240.0,1043.0,72.93706293706293,25.0,15.151515151515152,499.0,67.52368064952638,893.4761904761905,927.5784397584723,40.285714285714285,43.61847577084083,406.26190476190476,419.54961679446325
vesuvio_outdoor_from_above_day_2_777,1.0690000,0.7010000000000001,-1,7,132,1430.00,376.0,165.000,221.0,739.000,259.0,1054.0,73.7062937062937,56.0,33.93939393939394,480.0,64.95263870094723,893.4761904761905,927.5784397584723,40.285714285714285,43.61847577084083,406.26190476190476,419.54961679446325
vesuvio_outdoor_from_above_day_2_778,1.0690000,0.729,-1,4,126,1430.00,156.0,165.000,187.0,739.000,355.0,1274.0,89.0909090909091,22.0,13.333333333333334,384.0,51.962110960757784,893.4761904761905,927.5784397584723,40.285714285714285,43.61847577084083,406.26190476190476,419.54961679446325
vesuvio_outdoor_from_above_day_2_779,1.0690000,0.601,-1,3,107,1430.00,1264.0,165.000,206.0,739.000,189.0,166.0,11.608391608391608,41.0,24.848484848484848,550.0,74.42489851150204,893.4761904761905,927.5784397584723,40.285714285714285,43.61847577084083,406.26190476190476,419.54961679446325
vesuvio_outdoor_from_above_day_2_780,1.0690000,0.883,-1,3,107,1430.00,591.0,165.000,195.0,739.000,493.0,839.0,58.67132867132867,30.0,18.181818181818183,246.0,33.28822733423545,893.4761904761905,927.5784397584723,40.285714285714285,43.61847577084083,406.26190476190476,419.54961679446325
vesuvio_outdoor_from_above_day_2_781,1.0690000,0.6910000000000001,-1,2,124,1430.00,396.0,165.000,230.0,739.000,231.0,1034.0,72.3076923076923,65.0,39.39393939393939,508.0,68.74154262516915,893.4761904761905,927.5784397584723,40.285714285714285,43.61847577084083,406.26190476190476,419.54961679446325
vesuvio_outdoor_from_above_day_2_782,1.0690000,0.8009999999999999,-1,1,129,1430.00,568.0,165.000,189.0,739.000,423.0,862.0,60.27972027972028,24.0,14.545454545454545,316.0,42.760487144790254,893.4761904761905,927.5784397584723,40.285714285714285,43.61847577084083,406.26190476190476,419.54961679446325
vesuvio_outdoor_from_above_day_2_783,1.0690000,0.879,-1,1,129,1430.00,222.0,165.000,206.0,739.000,467.0,1208.0,84.47552447552448,41.0,24.848484848484848,272.0,36.8064952638701,893.4761904761905,927.5784397584723,40.285714285714285,43.61847577084083,406.26190476190476,419.54961679446325
vesuvio_outdoor_from_above_day_2_784,1.0690000,0.625,-1,1,129,1430.00,488.0,165.000,200.0,739.000,225.0,942.0,65.87412587412588,35.0,21.21212121212121,514.0,69.55345060893099,893.4761904761905,927.5784397584723,40.285714285714285,43.61847577084083,406.26190476190476,419.54961679446325
vesuvio_outdoor_from_above_day_2_785,1.0690000,0.702,-1,3,114,1430.00,328.0,165.000,180.0,739.000,342.0,1102.0,77.06293706293707,15.0,9.090909090909092,397.0,53.7212449255751,893.4761904761905,927.5784397584723,40.285714285714285,43.61847577084083,406.26190476190476,419.54961679446325
vesuvio_outdoor_from_above_day_2_786,1.0690000,0.6,-1,2,106,1430.00,459.0,165.000,184.0,739.000,232.0,971.0,67.9020979020979,19.0,11.515151515151516,507.0,68.6062246278755,893.4761904761905,927.5784397584723,40.285714285714285,43.61847577084083,406.26190476190476,419.54961679446325
vesuvio_outdoor_from_above_day_2_787,1.0690000,0.888,-1,4,117,1430.00,480.0,165.000,214.0,739.000,460.0,950.0,66.43356643356644,49.0,29.696969696969695,279.0,37.75372124492557,893.4761904761905,927.5784397584723,40.285714285714285,43.61847577084083,406.26190476190476,419.54961679446325
vesuvio_outdoor_from_above_day_2_788,1.0690000,0.606,-1,4,117,1430.00,323.0,165.000,212.0,739.000,182.0,1107.0,77.41258741258741,47.0,28.484848484848484,557.0,75.3721244925575,893.4761904761905,927.5784397584723,40.285714285714285,43.61847577084083,406.26190476190476,419.54961679446325
vesuvio_outdoor_from_above_day_2_789,1.0690000,0.8879999999999999,-1,4,105,1430.00,375.0,165.000,204.0,739.000,480.0,1055.0,73.77622377622377,39.0,23.636363636363637,259.0,35.047361299052774,893.4761904761905,927.5784397584723,40.285714285714285,43.61847577084083,406.26190476190476,419.54961679446325
vesuvio_outdoor_from_above_day_2_790,1.0690000,0.848,-1,4,105,1430.00,508.0,165.000,211.0,739.000,426.0,922.0,64.47552447552448,46.0,27.87878787878788,313.0,42.35453315290934,893.4761904761905,927.5784397584723,40.285714285714285,43.61847577084083,406.26190476190476,419.54961679446325
vesuvio_outdoor_from_above_day_2_791,1.0690000,0.5860000000000001,-1,4,105,1430.00,622.0,165.000,197.0,739.000,192.0,808.0,56.50349650349651,32.0,19.393939393939394,547.0,74.01894451962112,893.4761904761905,927.5784397584723,40.285714285714285,43.61847577084083,406.26190476190476,419.54961679446325
vesuvio_outdoor_from_above_day_2_792,1.0690000,0.715,-1,1,123,1430.00,1040.0,165.000,214.0,739.000,287.0,390.0,27.272727272727273,49.0,29.696969696969695,452.0,61.163734776725306,893.4761904761905,927.5784397584723,40.285714285714285,43.61847577084083,406.26190476190476,419.54961679446325
vesuvio_outdoor_from_above_day_2_793,1.0690000,0.76,-1,2,147,1430.00,1025.0,165.000,193.0,739.000,374.0,405.0,28.321678321678323,28.0,16.96969696969697,365.0,49.39106901217862,893.4761904761905,927.5784397584723,40.285714285714285,43.61847577084083,406.26190476190476,419.54961679446325
vesuvio_outdoor_from_above_day_2_794,1.0690000,0.5780000000000001,-1,2,147,1430.00,598.0,165.000,192.0,739.000,194.0,832.0,58.18181818181818,27.0,16.363636363636363,545.0,73.74830852503383,893.4761904761905,927.5784397584723,40.285714285714285,43.61847577084083,406.26190476190476,419.54961679446325
vesuvio_outdoor_from_above_day_2_795,1.0690000,0.629,-1,3,165,1430.00,639.0,165.000,221.0,739.000,187.0,791.0,55.31468531468531,56.0,33.93939393939394,552.0,74.69553450608932,893.4761904761905,927.5784397584723,40.285714285714285,43.61847577084083,406.26190476190476,419.54961679446325
vesuvio_outdoor_from_above_day_2_796,1.0690000,0.642,-1,3,165,1430.00,391.0,165.000,208.0,739.000,226.0,1039.0,72.65734265734265,43.0,26.060606060606062,513.0,69.41813261163735,893.4761904761905,927.5784397584723,40.285714285714285,43.61847577084083,406.26190476190476,419.54961679446325
vesuvio_outdoor_from_above_day_2_797,1.0690000,0.872,-1,3,165,1430.00,1838.0,165.000,230.0,739.000,412.0,408.0,28.53146853146853,65.0,39.39393939393939,327.0,44.2489851150203,893.4761904761905,927.5784397584723,40.285714285714285,43.61847577084083,406.26190476190476,419.54961679446325
vesuvio_outdoor_from_above_day_2_798,1.0690000,0.752,-1,3,165,1430.00,583.0,165.000,181.0,739.000,390.0,847.0,59.23076923076923,16.0,9.696969696969697,349.0,47.22598105548038,893.4761904761905,927.5784397584723,40.285714285714285,43.61847577084083,406.26190476190476,419.54961679446325
vesuvio_outdoor_from_above_day_2_799,1.0690000,0.715,-1,2,126,1430.00,770.0,165.000,215.0,739.000,285.0,660.0,46.15384615384615,50.0,30.303030303030305,454.0,61.43437077131259,893.4761904761905,927.5784397584723,40.285714285714285,43.61847577084083,406.26190476190476,419.54961679446325
vesuvio_outdoor_from_above_day_2_800,1.0690000,0.837,-1,2,126,1430.00,259.0,165.000,182.0,739.000,473.0,1171.0,81.8881118881119,17.0,10.303030303030303,266.0,35.994587280108256,893.4761904761905,927.5784397584723,40.285714285714285,43.61847577084083,406.26190476190476,419.54961679446325
vesuvio_outdoor_from_above_day_2_801,1.0690000,0.614,-1,2,126,1430.00,142.0,165.000,206.0,739.000,202.0,1288.0,90.06993006993007,41.0,24.848484848484848,537.0,72.66576454668471,893.4761904761905,927.5784397584723,40.285714285714285,43.61847577084083,406.26190476190476,419.54961679446325
vesuvio_outdoor_from_above_day_2_802,1.0690000,0.926,-1,2,134,1430.00,787.0,165.000,232.0,739.000,462.0,643.0,44.96503496503497,67.0,40.60606060606061,277.0,37.4830852503383,893.4761904761905,927.5784397584723,40.285714285714285,43.61847577084083,406.26190476190476,419.54961679446325
vesuvio_outdoor_from_above_day_2_803,1.0690000,0.87,-1,2,134,1430.00,361.0,165.000,211.0,739.000,448.0,1069.0,74.75524475524476,46.0,27.87878787878788,291.0,39.377537212449255,893.4761904761905,927.5784397584723,40.285714285714285,43.61847577084083,406.26190476190476,419.54961679446325
vesuvio_outdoor_from_above_day_2_804,1.0690000,0.813,-1,2,134,1430.00,310.0,165.000,235.0,739.000,343.0,1120.0,78.32167832167832,70.0,42.42424242424242,396.0,53.58592692828146,893.4761904761905,927.5784397584723,40.285714285714285,43.61847577084083,406.26190476190476,419.54961679446325
vesuvio_outdoor_from_above_day_2_805,1.0690000,0.79,-1,2,134,1430.00,611.0,165.000,197.0,739.000,396.0,819.0,57.27272727272727,32.0,19.393939393939394,343.0,46.41407307171854,893.4761904761905,927.5784397584723,40.285714285714285,43.61847577084083,406.26190476190476,419.54961679446325
vesuvio_outdoor_from_above_day_2_806,1.0690000,0.745,-1,2,134,1430.00,711.0,165.000,189.0,739.000,367.0,719.0,50.27972027972028,24.0,14.545454545454545,372.0,50.3382949932341,893.4761904761905,927.5784397584723,40.285714285714285,43.61847577084083,406.26190476190476,419.54961679446325
vesuvio_outdoor_from_above_day_2_807,1.0690000,0.829,-1,1,144,1430.00,462.0,165.000,187.0,739.000,455.0,968.0,67.6923076923077,22.0,13.333333333333334,284.0,38.43031123139377,893.4761904761905,927.5784397584723,40.285714285714285,43.61847577084083,406.26190476190476,419.54961679446325
vesuvio_outdoor_from_above_day_2_808,1.0690000,0.819,-1,1,144,1430.00,561.0,165.000,218.0,739.000,383.0,869.0,60.76923076923077,53.0,32.121212121212125,356.0,48.17320703653586,893.4761904761905,927.5784397584723,40.285714285714285,43.61847577084083,406.26190476190476,419.54961679446325
vesuvio_outdoor_1_502,1.0700000,0.69,-1,16,144,1510.00,723.0,156.000,209.0,758.000,272.0,787.0,52.11920529801324,53.0,33.97435897435897,486.0,64.11609498680738,1195.28125,1205.507219493106,32.75,35.967867604293694,463.1875,469.178470840255
vesuvio_outdoor_1_503,1.0700000,0.5800000000000001,-1,16,144,1510.00,445.0,156.000,123.0,758.000,334.0,1065.0,70.52980132450331,33.0,21.153846153846153,424.0,55.93667546174142,1195.28125,1205.507219493106,32.75,35.967867604293694,463.1875,469.178470840255
vesuvio_outdoor_1_504,1.0700000,0.436,-1,16,144,1510.00,595.0,156.000,113.0,758.000,210.0,915.0,60.59602649006622,43.0,27.564102564102566,548.0,72.29551451187335,1195.28125,1205.507219493106,32.75,35.967867604293694,463.1875,469.178470840255
vesuvio_outdoor_1_505,1.0700000,0.593,-1,18,147,1510.00,143.0,156.000,178.0,758.000,237.0,1367.0,90.52980132450331,22.0,14.102564102564102,521.0,68.7335092348285,1195.28125,1205.507219493106,32.75,35.967867604293694,463.1875,469.178470840255
vesuvio_outdoor_1_506,1.0700000,0.51,-1,21,118,1510.00,339.0,156.000,120.0,758.000,270.0,1171.0,77.54966887417218,36.0,23.076923076923077,488.0,64.37994722955145,1195.28125,1205.507219493106,32.75,35.967867604293694,463.1875,469.178470840255
vesuvio_outdoor_1_507,1.0700000,0.513,-1,20,123,1510.00,202.0,156.000,127.0,758.000,259.0,1308.0,86.62251655629139,29.0,18.58974358974359,499.0,65.8311345646438,1195.28125,1205.507219493106,32.75,35.967867604293694,463.1875,469.178470840255
vesuvio_outdoor_1_508,1.0700000,0.69,-1,20,123,1510.00,206.0,156.000,171.0,758.000,348.0,1304.0,86.35761589403974,15.0,9.615384615384615,410.0,54.08970976253298,1195.28125,1205.507219493106,32.75,35.967867604293694,463.1875,469.178470840255
vesuvio_outdoor_1_509,1.0700000,0.95,-1,20,123,1510.00,394.0,156.000,226.0,758.000,498.0,1116.0,73.90728476821192,70.0,44.87179487179487,260.0,34.300791556728235,1195.28125,1205.507219493106,32.75,35.967867604293694,463.1875,469.178470840255
vesuvio_outdoor_1_510,1.0700000,0.42100000000000004,-1,14,94,1510.00,151.0,156.000,111.0,758.000,199.0,1359.0,90.0,45.0,28.846153846153847,559.0,73.7467018469657,1195.28125,1205.507219493106,32.75,35.967867604293694,463.1875,469.178470840255
vesuvio_outdoor_1_511,1.0700000,0.585,-1,14,94,1510.00,317.0,156.000,142.0,758.000,301.0,1193.0,79.00662251655629,14.0,8.974358974358974,457.0,60.29023746701847,1195.28125,1205.507219493106,32.75,35.967867604293694,463.1875,469.178470840255
vesuvio_outdoor_1_512,1.0700000,0.509,-1,13,112,1510.00,381.0,156.000,116.0,758.000,277.0,1129.0,74.76821192052981,40.0,25.641025641025642,481.0,63.45646437994723,1195.28125,1205.507219493106,32.75,35.967867604293694,463.1875,469.178470840255
vesuvio_outdoor_1_513,1.0700000,0.597,-1,16,139,1510.00,347.0,156.000,142.0,758.000,313.0,1163.0,77.01986754966887,14.0,8.974358974358974,445.0,58.70712401055409,1195.28125,1205.507219493106,32.75,35.967867604293694,463.1875,469.178470840255
vesuvio_outdoor_1_514,1.0700000,0.556,-1,16,139,1510.00,437.0,156.000,133.0,758.000,290.0,1073.0,71.05960264900662,23.0,14.743589743589743,468.0,61.74142480211082,1195.28125,1205.507219493106,32.75,35.967867604293694,463.1875,469.178470840255
vesuvio_outdoor_1_515,1.0700000,0.823,-1,16,139,1510.00,213.0,156.000,191.0,758.000,441.0,1297.0,85.89403973509934,35.0,22.435897435897434,317.0,41.82058047493404,1195.28125,1205.507219493106,32.75,35.967867604293694,463.1875,469.178470840255
vesuvio_outdoor_1_516,1.0700000,0.643,-1,16,139,1510.00,346.0,156.000,171.0,758.000,301.0,1164.0,77.08609271523179,15.0,9.615384615384615,457.0,60.29023746701847,1195.28125,1205.507219493106,32.75,35.967867604293694,463.1875,469.178470840255
vesuvio_outdoor_1_517,1.0700000,0.5549999999999999,-1,15,151,1510.00,114.0,156.000,135.0,758.000,285.0,1396.0,92.45033112582782,21.0,13.461538461538462,473.0,62.401055408970976,1195.28125,1205.507219493106,32.75,35.967867604293694,463.1875,469.178470840255
vesuvio_outdoor_1_518,1.0700000,0.516,-1,15,151,1510.00,233.0,156.000,114.0,758.000,288.0,1277.0,84.56953642384106,42.0,26.923076923076923,470.0,62.00527704485488,1195.28125,1205.507219493106,32.75,35.967867604293694,463.1875,469.178470840255
vesuvio_outdoor_1_519,1.0700000,0.477,-1,15,151,1510.00,322.0,156.000,134.0,758.000,209.0,1188.0,78.67549668874172,22.0,14.102564102564102,549.0,72.42744063324538,1195.28125,1205.507219493106,32.75,35.967867604293694,463.1875,469.178470840255
vesuvio_outdoor_1_520,1.0700000,0.499,-1,15,151,1510.00,327.0,156.000,125.0,758.000,249.0,1183.0,78.34437086092716,31.0,19.871794871794872,509.0,67.15039577836411,1195.28125,1205.507219493106,32.75,35.967867604293694,463.1875,469.178470840255
vesuvio_outdoor_1_521,1.0700000,0.627,-1,12,127,1510.00,139.0,156.000,184.0,758.000,259.0,1371.0,90.79470198675497,28.0,17.94871794871795,499.0,65.8311345646438,1195.28125,1205.507219493106,32.75,35.967867604293694,463.1875,469.178470840255
vesuvio_outdoor_1_522,1.0700000,0.454,-1,24,133,1510.00,364.0,156.000,129.0,758.000,196.0,1146.0,75.89403973509934,27.0,17.307692307692307,562.0,74.14248021108179,1195.28125,1205.507219493106,32.75,35.967867604293694,463.1875,469.178470840255
vesuvio_outdoor_1_523,1.0700000,0.762,-1,24,133,1510.00,146.0,156.000,208.0,758.000,346.0,1364.0,90.33112582781457,52.0,33.333333333333336,412.0,54.35356200527705,1195.28125,1205.507219493106,32.75,35.967867604293694,463.1875,469.178470840255
vesuvio_outdoor_1_524,1.0700000,0.443,-1,24,133,1510.00,359.0,156.000,101.0,758.000,241.0,1151.0,76.2251655629139,55.0,35.256410256410255,517.0,68.20580474934037,1195.28125,1205.507219493106,32.75,35.967867604293694,463.1875,469.178470840255
vesuvio_outdoor_1_525,1.0700000,0.494,-1,10,124,1510.00,150.0,156.000,129.0,758.000,236.0,1360.0,90.06622516556291,27.0,17.307692307692307,522.0,68.86543535620052,1195.28125,1205.507219493106,32.75,35.967867604293694,463.1875,469.178470840255
vesuvio_outdoor_1_526,1.0700000,0.497,-1,22,138,1510.00,214.0,156.000,119.0,758.000,259.0,1296.0,85.82781456953643,37.0,23.71794871794872,499.0,65.8311345646438,1195.28125,1205.507219493106,32.75,35.967867604293694,463.1875,469.178470840255
vesuvio_outdoor_1_527,1.0700000,0.641,-1,15,142,1510.00,630.0,156.000,162.0,758.000,317.0,880.0,58.27814569536424,6.0,3.8461538461538463,441.0,58.17941952506596,1195.28125,1205.507219493106,32.75,35.967867604293694,463.1875,469.178470840255
vesuvio_outdoor_1_528,1.0700000,0.573,-1,17,140,1510.00,285.0,156.000,122.0,758.000,329.0,1225.0,81.12582781456953,34.0,21.794871794871796,429.0,56.596306068601585,1195.28125,1205.507219493106,32.75,35.967867604293694,463.1875,469.178470840255
vesuvio_outdoor_1_529,1.0700000,0.436,-1,21,168,1510.00,240.0,156.000,123.0,758.000,190.0,1270.0,84.10596026490066,33.0,21.153846153846153,568.0,74.93403693931398,1195.28125,1205.507219493106,32.75,35.967867604293694,463.1875,469.178470840255
vesuvio_outdoor_1_530,1.0700000,0.493,-1,21,168,1510.00,252.0,156.000,123.0,758.000,247.0,1258.0,83.3112582781457,33.0,21.153846153846153,511.0,67.41424802110818,1195.28125,1205.507219493106,32.75,35.967867604293694,463.1875,469.178470840255
vesuvio_outdoor_1_531,1.0700000,0.666,-1,20,145,1510.00,650.0,156.000,132.0,758.000,402.0,860.0,56.95364238410596,24.0,15.384615384615385,356.0,46.96569920844327,1195.28125,1205.507219493106,32.75,35.967867604293694,463.1875,469.178470840255
vesuvio_outdoor_1_532,1.0700000,0.896,-1,20,145,1510.00,137.0,156.000,223.0,758.000,450.0,1373.0,90.9271523178808,67.0,42.94871794871795,308.0,40.63324538258575,1195.28125,1205.507219493106,32.75,35.967867604293694,463.1875,469.178470840255
vesuvio_outdoor_1_533,1.0700000,0.649,-1,20,145,1510.00,270.0,156.000,134.0,758.000,381.0,1240.0,82.11920529801324,22.0,14.102564102564102,377.0,49.736147757255935,1195.28125,1205.507219493106,32.75,35.967867604293694,463.1875,469.178470840255
vesuvio_outdoor_3_534,1.0560000,0.627,-1,8,173,1500.00,432.0,170.000,214.0,716.000,199.0,1068.0,71.2,44.0,25.88235294117647,517.0,72.20670391061452,972.5,997.407138534711,38.666666666666664,41.934472692523514,450.0,458.45719538469456
vesuvio_outdoor_3_535,1.0560000,0.625,-1,8,173,1500.00,405.0,170.000,211.0,716.000,203.0,1095.0,73.0,41.0,24.11764705882353,513.0,71.64804469273743,972.5,997.407138534711,38.666666666666664,41.934472692523514,450.0,458.45719538469456
vesuvio_outdoor_3_536,1.0560000,0.7010000000000001,-1,8,173,1500.00,375.0,170.000,211.0,716.000,279.0,1125.0,75.0,41.0,24.11764705882353,437.0,61.03351955307262,972.5,997.407138534711,38.666666666666664,41.934472692523514,450.0,458.45719538469456
vesuvio_outdoor_3_537,1.0560000,0.895,-1,12,150,1500.00,1890.0,170.000,200.0,716.000,495.0,390.0,26.0,30.0,17.647058823529413,221.0,30.865921787709496,972.5,997.407138534711,38.666666666666664,41.934472692523514,450.0,458.45719538469456
vesuvio_outdoor_3_538,1.0560000,0.722,-1,12,195,1500.00,614.0,170.000,221.0,716.000,280.0,886.0,59.06666666666667,51.0,30.0,436.0,60.89385474860335,972.5,997.407138534711,38.666666666666664,41.934472692523514,450.0,458.45719538469456
vesuvio_outdoor_3_539,1.0560000,0.8160000000000001,-1,10,204,1500.00,209.0,170.000,229.0,716.000,358.0,1291.0,86.06666666666666,59.0,34.705882352941174,358.0,50.0,972.5,997.407138534711,38.666666666666664,41.934472692523514,450.0,458.45719538469456
vesuvio_outdoor_3_540,1.0560000,0.605,-1,10,204,1500.00,503.0,170.000,212.0,716.000,181.0,997.0,66.46666666666667,42.0,24.705882352941178,535.0,74.72067039106145,972.5,997.407138534711,38.666666666666664,41.934472692523514,450.0,458.45719538469456
vesuvio_outdoor_3_541,1.0560000,0.6699999999999999,-1,16,229,1500.00,554.0,170.000,214.0,716.000,242.0,946.0,63.06666666666667,44.0,25.88235294117647,474.0,66.20111731843575,972.5,997.407138534711,38.666666666666664,41.934472692523514,450.0,458.45719538469456
vesuvio_outdoor_3_542,1.0560000,0.665,-1,16,229,1500.00,341.0,170.000,167.0,716.000,331.0,1159.0,77.26666666666667,3.0,1.7647058823529411,385.0,53.770949720670394,972.5,997.407138534711,38.666666666666664,41.934472692523514,450.0,458.45719538469456
vesuvio_outdoor_3_543,1.0560000,0.622,-1,16,229,1500.00,435.0,170.000,212.0,716.000,198.0,1065.0,71.0,42.0,24.705882352941178,518.0,72.3463687150838,972.5,997.407138534711,38.666666666666664,41.934472692523514,450.0,458.45719538469456
vesuvio_outdoor_3_544,1.0560000,0.657,-1,16,229,1500.00,723.0,170.000,227.0,716.000,203.0,777.0,51.8,57.0,33.529411764705884,513.0,71.64804469273743,972.5,997.407138534711,38.666666666666664,41.934472692523514,450.0,458.45719538469456
vesuvio_outdoor_3_545,1.0560000,0.543,-1,16,229,1500.00,629.0,170.000,160.0,716.000,223.0,871.0,58.06666666666667,10.0,5.882352941176471,493.0,68.85474860335195,972.5,997.407138534711,38.666666666666664,41.934472692523514,450.0,458.45719538469456
